Siparis_ID,Siparis_Tarihi,Musteri_ID,Ad,Sehir,Urun_ID,Kategori,Birim_Fiyat,Adet,Toplam_Tutar
5001,2023-09-24,M061,Elif,İstanbul,U020,Giyim,461,3,1383
5002,2023-07-15,M057,Zeynep,Antalya,U020,Giyim,461,2,922
5003,2023-10-22,M055,Mustafa,Bursa,U011,Elektronik,1480,3,4440
5004,2023-07-20,M059,Canan,İstanbul,U013,Elektronik,1127,1,1127
5005,2023-06-11,M056,Ali,Bursa,U005,Kitap,454,1,454
5006,2023-10-24,M082,Ali,Antalya,U007,Elektronik,3314,2,6628
5007,2023-09-05,M047,Hüseyin,Bursa,U018,Giyim,130,1,130
5008,2023-07-13,M078,Hüseyin,İstanbul,U002,Kitap,197,2,394
5009,2023-10-27,M029,Hüseyin,Bursa,U002,Kitap,197,1,197
5010,2023-09-01,M013,Canan,Bursa,U019,Elektronik,4784,1,4784
5011,2023-09-10,M039,Elif,Bursa,U002,Kitap,197,3,591
5012,2023-06-20,M098,Ayşe,Bursa,U014,Kitap,374,2,748
5013,2023-10-04,M098,Ayşe,Bursa,U007,Elektronik,3314,1,3314
5014,2023-09-28,M022,Fatma,İstanbul,U013,Elektronik,1127,2,2254
5015,2023-07-16,M005,Mustafa,Bursa,U006,Kitap,125,3,375
5016,2023-07-10,M091,Ali,İstanbul,U014,Kitap,374,3,1122
5017,2023-06-25,M083,Mustafa,İzmir,U013,Elektronik,1127,2,2254
5018,2023-06-28,M016,Mustafa,İzmir,U008,Giyim,303,2,606
5019,2023-08-14,M093,Hüseyin,Antalya,U010,Kitap,187,3,561
5020,2023-08-28,M084,Elif,İzmir,U004,Giyim,124,3,372
5021,2023-08-02,M080,Elif,Bursa,U016,Elektronik,2627,3,7881
5022,2023-07-11,M038,Fatma,İstanbul,U001,Elektronik,2389,3,7167
5023,2023-06-25,M050,Ahmet,Bursa,U008,Giyim,303,3,909
5024,2023-06-26,M082,Ali,Antalya,U016,Elektronik,2627,3,7881
5025,2023-07-26,M052,Ayşe,Ankara,U019,Elektronik,4784,2,9568
5026,2023-07-19,M046,Canan,İzmir,U003,Kitap,388,3,1164
5027,2023-06-07,M072,Mustafa,Bursa,U017,Giyim,395,1,395
5028,2023-06-05,M052,Ayşe,Ankara,U002,Kitap,197,3,591
5029,2023-07-16,M056,Ali,Bursa,U011,Elektronik,1480,3,4440
5030,2023-08-23,M007,Zeynep,İstanbul,U012,Kitap,276,3,828
5031,2023-06-05,M061,Elif,İstanbul,U006,Kitap,125,1,125
5032,2023-07-22,M017,Fatma,İzmir,U010,Kitap,187,1,187
5033,2023-10-18,M032,Ayşe,İzmir,U013,Elektronik,1127,3,3381
5034,2023-10-20,M077,Fatma,İstanbul,U014,Kitap,374,1,374
5035,2023-07-02,M017,Fatma,İzmir,U001,Elektronik,2389,1,2389
5036,2023-07-02,M008,Mehmet,Antalya,U006,Kitap,125,3,375
5037,2023-06-04,M050,Ahmet,Bursa,U003,Kitap,388,3,1164
5038,2023-09-16,M056,Ali,Bursa,U006,Kitap,125,1,125
5039,2023-06-14,M071,Ali,Bursa,U006,Kitap,125,3,375
5040,2023-09-26,M049,Ayşe,Bursa,U019,Elektronik,4784,2,9568
5041,2023-06-09,M043,Elif,İstanbul,U006,Kitap,125,2,250
5042,2023-10-04,M081,Fatma,İzmir,U015,Kitap,278,3,834
5043,2023-06-19,M092,Zeynep,İzmir,U012,Kitap,276,1,276
5044,2023-07-16,M034,Mehmet,Ankara,U009,Giyim,407,1,407
5045,2023-07-10,M059,Canan,İstanbul,U001,Elektronik,2389,2,4778
5046,2023-08-18,M011,Ali,İzmir,U017,Giyim,395,1,395
5047,2023-10-16,M099,Canan,Antalya,U004,Giyim,124,1,124
5048,2023-08-25,M037,Ahmet,İzmir,U020,Giyim,461,1,461
5049,2023-10-11,M074,Canan,İzmir,U009,Giyim,407,2,814
5050,2023-06-16,M066,Elif,Ankara,U005,Kitap,454,3,1362
5051,2023-06-16,M008,Mehmet,Antalya,U020,Giyim,461,3,1383
5052,2023-06-04,M028,Mehmet,Ankara,U018,Giyim,130,1,130
5053,2023-09-16,M019,Elif,İstanbul,U010,Kitap,187,1,187
5054,2023-10-11,M004,Ali,Ankara,U012,Kitap,276,3,828
5055,2023-10-01,M091,Ali,İstanbul,U004,Giyim,124,2,248
5056,2023-07-15,M060,Fatma,Antalya,U015,Kitap,278,3,834
5057,2023-09-12,M019,Elif,İstanbul,U001,Elektronik,2389,3,7167
5058,2023-07-16,M020,Canan,İzmir,U015,Kitap,278,2,556
5059,2023-07-10,M065,Ayşe,İzmir,U016,Elektronik,2627,1,2627
5060,2023-09-08,M063,Ali,İstanbul,U019,Elektronik,4784,1,4784
5061,2023-07-25,M061,Elif,İstanbul,U009,Giyim,407,2,814
5062,2023-10-23,M067,Canan,Bursa,U012,Kitap,276,3,828
5063,2023-08-21,M049,Ayşe,Bursa,U005,Kitap,454,3,1362
5064,2023-06-15,M041,Fatma,Antalya,U005,Kitap,454,2,908
5065,2023-10-14,M007,Zeynep,İstanbul,U011,Elektronik,1480,3,4440
5066,2023-06-21,M007,Zeynep,İstanbul,U013,Elektronik,1127,3,3381
5067,2023-07-03,M093,Hüseyin,Antalya,U002,Kitap,197,1,197
5068,2023-09-20,M002,Elif,Antalya,U012,Kitap,276,1,276
5069,2023-10-23,M085,Ali,Bursa,U016,Elektronik,2627,3,7881
5070,2023-06-27,M093,Hüseyin,Antalya,U003,Kitap,388,1,388
5071,2023-09-18,M047,Hüseyin,Bursa,U015,Kitap,278,2,556
5072,2023-09-11,M023,Elif,İzmir,U005,Kitap,454,3,1362
5073,2023-07-20,M090,Canan,İstanbul,U018,Giyim,130,3,390
5074,2023-07-10,M096,Ayşe,Antalya,U008,Giyim,303,2,606
5075,2023-10-04,M028,Mehmet,Ankara,U017,Giyim,395,3,1185
5076,2023-07-19,M085,Ali,Bursa,U013,Elektronik,1127,1,1127
5077,2023-10-16,M069,Canan,Ankara,U005,Kitap,454,1,454
5078,2023-09-25,M010,Ali,Bursa,U013,Elektronik,1127,1,1127
5079,2023-09-25,M027,Ayşe,İstanbul,U001,Elektronik,2389,1,2389
5080,2023-09-02,M086,Elif,Antalya,U006,Kitap,125,2,250
5081,2023-08-03,M081,Fatma,İzmir,U007,Elektronik,3314,2,6628
5082,2023-08-06,M039,Elif,Bursa,U019,Elektronik,4784,1,4784
5083,2023-09-15,M008,Mehmet,Antalya,U016,Elektronik,2627,2,5254
5084,2023-08-23,M044,Elif,Bursa,U001,Elektronik,2389,3,7167
5085,2023-10-29,M038,Fatma,İstanbul,U017,Giyim,395,1,395
5086,2023-09-26,M053,Canan,Bursa,U010,Kitap,187,1,187
5087,2023-09-18,M015,Mehmet,Ankara,U014,Kitap,374,1,374
5088,2023-07-12,M016,Mustafa,İzmir,U015,Kitap,278,1,278
5089,2023-06-21,M049,Ayşe,Bursa,U018,Giyim,130,1,130
5090,2023-08-06,M067,Canan,Bursa,U018,Giyim,130,3,390
5091,2023-09-16,M062,Ali,Bursa,U003,Kitap,388,1,388
5092,2023-10-01,M097,Fatma,Antalya,U014,Kitap,374,1,374
5093,2023-09-22,M051,Ayşe,İstanbul,U001,Elektronik,2389,2,4778
5094,2023-10-05,M082,Ali,Antalya,U019,Elektronik,4784,3,14352
5095,2023-10-22,M054,Mehmet,Bursa,U010,Kitap,187,3,561
5096,2023-07-13,M020,Canan,İzmir,U015,Kitap,278,1,278
5097,2023-10-25,M061,Elif,İstanbul,U016,Elektronik,2627,2,5254
5098,2023-10-20,M052,Ayşe,Ankara,U010,Kitap,187,2,374
5099,2023-10-07,M077,Fatma,İstanbul,U001,Elektronik,2389,3,7167
5100,2023-08-17,M048,Mehmet,Antalya,U015,Kitap,278,1,278
5101,2023-09-04,M031,Canan,Antalya,U008,Giyim,303,3,909
5102,2023-06-07,M021,Mehmet,Ankara,U017,Giyim,395,3,1185
5103,2023-06-15,M073,Mustafa,Ankara,U002,Kitap,197,1,197
5104,2023-07-13,M054,Mehmet,Bursa,U010,Kitap,187,1,187
5105,2023-09-28,M004,Ali,Ankara,U006,Kitap,125,2,250
5106,2023-08-02,M006,Ayşe,Ankara,U017,Giyim,395,1,395
5107,2023-10-04,M003,Fatma,Bursa,U005,Kitap,454,2,908
5108,2023-06-06,M099,Canan,Antalya,U012,Kitap,276,2,552
5109,2023-08-06,M081,Fatma,İzmir,U012,Kitap,276,1,276
5110,2023-06-11,M020,Canan,İzmir,U009,Giyim,407,1,407
5111,2023-06-30,M084,Elif,İzmir,U008,Giyim,303,3,909
5112,2023-08-15,M092,Zeynep,İzmir,U016,Elektronik,2627,2,5254
5113,2023-09-18,M041,Fatma,Antalya,U018,Giyim,130,3,390
5114,2023-08-15,M043,Elif,İstanbul,U020,Giyim,461,2,922
5115,2023-10-02,M008,Mehmet,Antalya,U004,Giyim,124,3,372
5116,2023-10-03,M093,Hüseyin,Antalya,U012,Kitap,276,3,828
5117,2023-08-31,M056,Ali,Bursa,U016,Elektronik,2627,1,2627
5118,2023-07-19,M021,Mehmet,Ankara,U019,Elektronik,4784,3,14352
5119,2023-08-13,M097,Fatma,Antalya,U011,Elektronik,1480,1,1480
5120,2023-09-18,M001,Canan,İstanbul,U019,Elektronik,4784,3,14352
5121,2023-07-14,M099,Canan,Antalya,U002,Kitap,197,1,197
5122,2023-09-09,M062,Ali,Bursa,U012,Kitap,276,1,276
5123,2023-07-22,M050,Ahmet,Bursa,U008,Giyim,303,3,909
5124,2023-06-14,M010,Ali,Bursa,U016,Elektronik,2627,3,7881
5125,2023-06-22,M033,Ali,Ankara,U016,Elektronik,2627,3,7881
5126,2023-06-23,M085,Ali,Bursa,U020,Giyim,461,1,461
5127,2023-07-14,M083,Mustafa,İzmir,U006,Kitap,125,2,250
5128,2023-07-19,M052,Ayşe,Ankara,U018,Giyim,130,3,390
5129,2023-09-20,M055,Mustafa,Bursa,U008,Giyim,303,2,606
5130,2023-09-01,M025,Mehmet,Bursa,U008,Giyim,303,2,606
5131,2023-07-21,M092,Zeynep,İzmir,U005,Kitap,454,3,1362
5132,2023-10-12,M085,Ali,Bursa,U002,Kitap,197,3,591
5133,2023-06-21,M024,Ayşe,Antalya,U007,Elektronik,3314,3,9942
5134,2023-06-01,M051,Ayşe,İstanbul,U018,Giyim,130,3,390
5135,2023-10-24,M065,Ayşe,İzmir,U008,Giyim,303,2,606
5136,2023-10-28,M041,Fatma,Antalya,U016,Elektronik,2627,3,7881
5137,2023-08-02,M023,Elif,İzmir,U016,Elektronik,2627,2,5254
5138,2023-10-09,M052,Ayşe,Ankara,U015,Kitap,278,1,278
5139,2023-10-11,M054,Mehmet,Bursa,U020,Giyim,461,3,1383
5140,2023-06-16,M012,Elif,Ankara,U008,Giyim,303,1,303
5141,2023-08-09,M093,Hüseyin,Antalya,U003,Kitap,388,1,388
5142,2023-08-13,M036,Fatma,İstanbul,U011,Elektronik,1480,3,4440
5143,2023-08-29,M048,Mehmet,Antalya,U005,Kitap,454,3,1362
5144,2023-06-19,M082,Ali,Antalya,U005,Kitap,454,1,454
5145,2023-07-01,M097,Fatma,Antalya,U015,Kitap,278,2,556
5146,2023-06-06,M079,Zeynep,İzmir,U020,Giyim,461,1,461
5147,2023-09-13,M077,Fatma,İstanbul,U005,Kitap,454,1,454
5148,2023-06-17,M061,Elif,İstanbul,U015,Kitap,278,1,278
5149,2023-08-08,M011,Ali,İzmir,U011,Elektronik,1480,1,1480
5150,2023-09-22,M082,Ali,Antalya,U002,Kitap,197,3,591
5151,2023-06-11,M095,Fatma,Ankara,U017,Giyim,395,3,1185
5152,2023-09-21,M007,Zeynep,İstanbul,U002,Kitap,197,3,591
5153,2023-10-16,M053,Canan,Bursa,U018,Giyim,130,2,260
5154,2023-10-26,M096,Ayşe,Antalya,U020,Giyim,461,3,1383
5155,2023-07-05,M047,Hüseyin,Bursa,U010,Kitap,187,2,374
5156,2023-08-31,M093,Hüseyin,Antalya,U011,Elektronik,1480,1,1480
5157,2023-08-29,M034,Mehmet,Ankara,U010,Kitap,187,3,561
5158,2023-08-04,M072,Mustafa,Bursa,U004,Giyim,124,3,372
5159,2023-09-27,M049,Ayşe,Bursa,U011,Elektronik,1480,2,2960
5160,2023-08-10,M052,Ayşe,Ankara,U006,Kitap,125,1,125
5161,2023-07-14,M020,Canan,İzmir,U018,Giyim,130,1,130
5162,2023-09-19,M057,Zeynep,Antalya,U012,Kitap,276,2,552
5163,2023-07-19,M021,Mehmet,Ankara,U011,Elektronik,1480,3,4440
5164,2023-06-13,M082,Ali,Antalya,U005,Kitap,454,1,454
5165,2023-07-14,M098,Ayşe,Bursa,U019,Elektronik,4784,3,14352
5166,2023-07-09,M069,Canan,Ankara,U018,Giyim,130,1,130
5167,2023-08-30,M074,Canan,İzmir,U010,Kitap,187,2,374
5168,2023-08-18,M098,Ayşe,Bursa,U012,Kitap,276,2,552
5169,2023-08-30,M010,Ali,Bursa,U007,Elektronik,3314,1,3314
5170,2023-10-23,M083,Mustafa,İzmir,U003,Kitap,388,1,388
5171,2023-07-31,M057,Zeynep,Antalya,U018,Giyim,130,3,390
5172,2023-10-21,M080,Elif,Bursa,U009,Giyim,407,3,1221
5173,2023-10-07,M038,Fatma,İstanbul,U002,Kitap,197,2,394
5174,2023-09-28,M085,Ali,Bursa,U011,Elektronik,1480,3,4440
5175,2023-09-04,M090,Canan,İstanbul,U002,Kitap,197,2,394
5176,2023-08-12,M062,Ali,Bursa,U016,Elektronik,2627,3,7881
5177,2023-09-04,M063,Ali,İstanbul,U001,Elektronik,2389,2,4778
5178,2023-09-29,M075,Ahmet,Ankara,U019,Elektronik,4784,1,4784
5179,2023-09-20,M030,Fatma,İzmir,U013,Elektronik,1127,2,2254
5180,2023-06-28,M088,Zeynep,Bursa,U009,Giyim,407,2,814
5181,2023-06-28,M015,Mehmet,Ankara,U003,Kitap,388,2,776
5182,2023-07-16,M056,Ali,Bursa,U008,Giyim,303,3,909
5183,2023-06-02,M088,Zeynep,Bursa,U006,Kitap,125,3,375
5184,2023-07-12,M071,Ali,Bursa,U010,Kitap,187,2,374
5185,2023-07-02,M074,Canan,İzmir,U007,Elektronik,3314,1,3314
5186,2023-08-27,M041,Fatma,Antalya,U001,Elektronik,2389,2,4778
5187,2023-06-15,M025,Mehmet,Bursa,U015,Kitap,278,3,834
5188,2023-10-24,M100,Canan,İstanbul,U016,Elektronik,2627,1,2627
5189,2023-08-15,M003,Fatma,Bursa,U018,Giyim,130,3,390
5190,2023-06-27,M023,Elif,İzmir,U017,Giyim,395,1,395
5191,2023-10-26,M064,Canan,Antalya,U010,Kitap,187,2,374
5192,2023-07-13,M007,Zeynep,İstanbul,U013,Elektronik,1127,1,1127
5193,2023-10-01,M049,Ayşe,Bursa,U001,Elektronik,2389,2,4778
5194,2023-10-24,M053,Canan,Bursa,U020,Giyim,461,3,1383
5195,2023-06-08,M082,Ali,Antalya,U001,Elektronik,2389,3,7167
5196,2023-09-12,M022,Fatma,İstanbul,U009,Giyim,407,1,407
5197,2023-10-02,M076,Canan,Bursa,U017,Giyim,395,2,790
5198,2023-10-17,M031,Canan,Antalya,U011,Elektronik,1480,1,1480
5199,2023-10-28,M047,Hüseyin,Bursa,U019,Elektronik,4784,1,4784
5200,2023-07-08,M074,Canan,İzmir,U001,Elektronik,2389,1,2389
5201,2023-08-09,M017,Fatma,İzmir,U007,Elektronik,3314,1,3314
5202,2023-10-04,M096,Ayşe,Antalya,U003,Kitap,388,2,776
5203,2023-09-24,M094,Ali,Antalya,U002,Kitap,197,2,394
5204,2023-07-25,M090,Canan,İstanbul,U001,Elektronik,2389,1,2389
5205,2023-07-23,M079,Zeynep,İzmir,U019,Elektronik,4784,3,14352
5206,2023-06-08,M097,Fatma,Antalya,U012,Kitap,276,2,552
5207,2023-10-04,M020,Canan,İzmir,U017,Giyim,395,2,790
5208,2023-09-29,M012,Elif,Ankara,U005,Kitap,454,1,454
5209,2023-10-05,M039,Elif,Bursa,U006,Kitap,125,3,375
5210,2023-06-15,M061,Elif,İstanbul,U010,Kitap,187,2,374
5211,2023-09-01,M038,Fatma,İstanbul,U002,Kitap,197,1,197
5212,2023-10-13,M011,Ali,İzmir,U012,Kitap,276,2,552
5213,2023-10-21,M005,Mustafa,Bursa,U004,Giyim,124,3,372
5214,2023-06-12,M022,Fatma,İstanbul,U005,Kitap,454,1,454
5215,2023-06-13,M086,Elif,Antalya,U014,Kitap,374,1,374
5216,2023-09-14,M039,Elif,Bursa,U002,Kitap,197,2,394
5217,2023-08-15,M043,Elif,İstanbul,U017,Giyim,395,2,790
5218,2023-06-04,M033,Ali,Ankara,U013,Elektronik,1127,3,3381
5219,2023-09-28,M070,Fatma,İstanbul,U001,Elektronik,2389,1,2389
5220,2023-09-05,M072,Mustafa,Bursa,U003,Kitap,388,3,1164
5221,2023-08-08,M090,Canan,İstanbul,U012,Kitap,276,3,828
5222,2023-06-13,M070,Fatma,İstanbul,U002,Kitap,197,2,394
5223,2023-08-19,M075,Ahmet,Ankara,U015,Kitap,278,2,556
5224,2023-08-28,M022,Fatma,İstanbul,U006,Kitap,125,2,250
5225,2023-07-27,M013,Canan,Bursa,U012,Kitap,276,2,552
5226,2023-06-02,M007,Zeynep,İstanbul,U010,Kitap,187,3,561
5227,2023-09-01,M037,Ahmet,İzmir,U004,Giyim,124,1,124
5228,2023-06-08,M017,Fatma,İzmir,U019,Elektronik,4784,2,9568
5229,2023-10-16,M030,Fatma,İzmir,U012,Kitap,276,1,276
5230,2023-10-18,M078,Hüseyin,İstanbul,U010,Kitap,187,3,561
5231,2023-09-09,M049,Ayşe,Bursa,U018,Giyim,130,3,390
5232,2023-06-02,M058,Mehmet,Ankara,U011,Elektronik,1480,3,4440
5233,2023-07-19,M017,Fatma,İzmir,U010,Kitap,187,2,374
5234,2023-08-12,M045,Mehmet,Bursa,U017,Giyim,395,2,790
5235,2023-09-24,M090,Canan,İstanbul,U004,Giyim,124,1,124
5236,2023-10-16,M029,Hüseyin,Bursa,U013,Elektronik,1127,2,2254
5237,2023-08-03,M087,Ayşe,Antalya,U010,Kitap,187,3,561
5238,2023-06-06,M088,Zeynep,Bursa,U014,Kitap,374,1,374
5239,2023-07-24,M030,Fatma,İzmir,U013,Elektronik,1127,1,1127
5240,2023-09-01,M007,Zeynep,İstanbul,U003,Kitap,388,2,776
5241,2023-06-16,M014,Canan,İstanbul,U006,Kitap,125,3,375
5242,2023-09-14,M010,Ali,Bursa,U001,Elektronik,2389,1,2389
5243,2023-10-21,M090,Canan,İstanbul,U003,Kitap,388,3,1164
5244,2023-08-06,M056,Ali,Bursa,U016,Elektronik,2627,1,2627
5245,2023-06-27,M003,Fatma,Bursa,U018,Giyim,130,1,130
5246,2023-06-20,M073,Mustafa,Ankara,U020,Giyim,461,2,922
5247,2023-06-20,M083,Mustafa,İzmir,U009,Giyim,407,2,814
5248,2023-08-16,M078,Hüseyin,İstanbul,U004,Giyim,124,3,372
5249,2023-09-23,M030,Fatma,İzmir,U008,Giyim,303,1,303
5250,2023-08-15,M062,Ali,Bursa,U011,Elektronik,1480,1,1480
5251,2023-09-20,M056,Ali,Bursa,U002,Kitap,197,1,197
5252,2023-07-07,M056,Ali,Bursa,U009,Giyim,407,2,814
5253,2023-08-13,M019,Elif,İstanbul,U019,Elektronik,4784,3,14352
5254,2023-10-20,M073,Mustafa,Ankara,U017,Giyim,395,2,790
5255,2023-09-12,M027,Ayşe,İstanbul,U016,Elektronik,2627,3,7881
5256,2023-06-13,M013,Canan,Bursa,U009,Giyim,407,1,407
5257,2023-06-26,M051,Ayşe,İstanbul,U018,Giyim,130,1,130
5258,2023-08-10,M067,Canan,Bursa,U008,Giyim,303,1,303
5259,2023-06-15,M015,Mehmet,Ankara,U002,Kitap,197,3,591
5260,2023-10-07,M054,Mehmet,Bursa,U013,Elektronik,1127,3,3381
5261,2023-07-04,M005,Mustafa,Bursa,U004,Giyim,124,2,248
5262,2023-07-27,M040,Mehmet,Bursa,U002,Kitap,197,2,394
5263,2023-09-21,M041,Fatma,Antalya,U010,Kitap,187,3,561
5264,2023-06-06,M070,Fatma,İstanbul,U014,Kitap,374,3,1122
5265,2023-07-24,M028,Mehmet,Ankara,U006,Kitap,125,1,125
5266,2023-07-07,M005,Mustafa,Bursa,U020,Giyim,461,3,1383
5267,2023-08-04,M035,Zeynep,İzmir,U011,Elektronik,1480,3,4440
5268,2023-06-13,M077,Fatma,İstanbul,U012,Kitap,276,3,828
5269,2023-07-06,M098,Ayşe,Bursa,U018,Giyim,130,3,390
5270,2023-08-04,M027,Ayşe,İstanbul,U013,Elektronik,1127,2,2254
5271,2023-09-09,M055,Mustafa,Bursa,U019,Elektronik,4784,3,14352
5272,2023-09-15,M057,Zeynep,Antalya,U012,Kitap,276,2,552
5273,2023-08-21,M072,Mustafa,Bursa,U008,Giyim,303,3,909
5274,2023-06-06,M051,Ayşe,İstanbul,U002,Kitap,197,3,591
5275,2023-07-14,M063,Ali,İstanbul,U015,Kitap,278,1,278
5276,2023-06-09,M058,Mehmet,Ankara,U008,Giyim,303,2,606
5277,2023-06-20,M076,Canan,Bursa,U006,Kitap,125,1,125
5278,2023-10-17,M090,Canan,İstanbul,U004,Giyim,124,3,372
5279,2023-10-16,M083,Mustafa,İzmir,U006,Kitap,125,1,125
5280,2023-07-12,M078,Hüseyin,İstanbul,U012,Kitap,276,3,828
5281,2023-09-28,M007,Zeynep,İstanbul,U017,Giyim,395,1,395
5282,2023-06-19,M019,Elif,İstanbul,U015,Kitap,278,3,834
5283,2023-06-26,M032,Ayşe,İzmir,U016,Elektronik,2627,1,2627
5284,2023-07-05,M023,Elif,İzmir,U006,Kitap,125,3,375
5285,2023-09-27,M031,Canan,Antalya,U003,Kitap,388,1,388
5286,2023-06-19,M015,Mehmet,Ankara,U004,Giyim,124,3,372
5287,2023-06-26,M099,Canan,Antalya,U002,Kitap,197,2,394
5288,2023-10-28,M057,Zeynep,Antalya,U003,Kitap,388,1,388
5289,2023-07-22,M096,Ayşe,Antalya,U004,Giyim,124,1,124
5290,2023-09-04,M082,Ali,Antalya,U019,Elektronik,4784,1,4784
5291,2023-08-21,M068,Zeynep,Ankara,U009,Giyim,407,1,407
5292,2023-07-24,M065,Ayşe,İzmir,U018,Giyim,130,2,260
5293,2023-09-23,M026,Zeynep,Antalya,U018,Giyim,130,2,260
5294,2023-08-16,M075,Ahmet,Ankara,U018,Giyim,130,3,390
5295,2023-08-28,M058,Mehmet,Ankara,U001,Elektronik,2389,1,2389
5296,2023-08-05,M034,Mehmet,Ankara,U017,Giyim,395,1,395
5297,2023-09-14,M079,Zeynep,İzmir,U014,Kitap,374,2,748
5298,2023-08-16,M056,Ali,Bursa,U003,Kitap,388,1,388
5299,2023-07-07,M099,Canan,Antalya,U012,Kitap,276,1,276
5300,2023-08-08,M009,Hüseyin,Bursa,U013,Elektronik,1127,1,1127
5301,2023-08-27,M031,Canan,Antalya,U002,Kitap,197,2,394
5302,2023-09-10,M099,Canan,Antalya,U014,Kitap,374,3,1122
5303,2023-08-27,M009,Hüseyin,Bursa,U009,Giyim,407,3,1221
5304,2023-06-03,M051,Ayşe,İstanbul,U008,Giyim,303,3,909
5305,2023-08-17,M038,Fatma,İstanbul,U008,Giyim,303,1,303
5306,2023-07-15,M003,Fatma,Bursa,U007,Elektronik,3314,1,3314
5307,2023-08-07,M002,Elif,Antalya,U004,Giyim,124,2,248
5308,2023-08-29,M061,Elif,İstanbul,U004,Giyim,124,1,124
5309,2023-09-12,M075,Ahmet,Ankara,U018,Giyim,130,3,390
5310,2023-09-10,M042,Mustafa,Bursa,U004,Giyim,124,2,248
5311,2023-06-13,M055,Mustafa,Bursa,U014,Kitap,374,3,1122
5312,2023-06-01,M046,Canan,İzmir,U011,Elektronik,1480,3,4440
5313,2023-09-20,M077,Fatma,İstanbul,U004,Giyim,124,3,372
5314,2023-06-13,M074,Canan,İzmir,U017,Giyim,395,3,1185
5315,2023-10-06,M056,Ali,Bursa,U004,Giyim,124,3,372
5316,2023-06-20,M021,Mehmet,Ankara,U013,Elektronik,1127,2,2254
5317,2023-08-08,M015,Mehmet,Ankara,U005,Kitap,454,2,908
5318,2023-10-15,M039,Elif,Bursa,U020,Giyim,461,1,461
5319,2023-09-19,M086,Elif,Antalya,U004,Giyim,124,2,248
5320,2023-09-06,M043,Elif,İstanbul,U007,Elektronik,3314,1,3314
5321,2023-07-01,M079,Zeynep,İzmir,U014,Kitap,374,1,374
5322,2023-08-23,M060,Fatma,Antalya,U016,Elektronik,2627,2,5254
5323,2023-06-11,M019,Elif,İstanbul,U019,Elektronik,4784,1,4784
5324,2023-08-06,M068,Zeynep,Ankara,U016,Elektronik,2627,2,5254
5325,2023-07-09,M095,Fatma,Ankara,U009,Giyim,407,1,407
5326,2023-06-16,M051,Ayşe,İstanbul,U010,Kitap,187,3,561
5327,2023-09-26,M047,Hüseyin,Bursa,U019,Elektronik,4784,3,14352
5328,2023-09-30,M092,Zeynep,İzmir,U012,Kitap,276,1,276
5329,2023-07-10,M073,Mustafa,Ankara,U010,Kitap,187,3,561
5330,2023-07-15,M086,Elif,Antalya,U009,Giyim,407,3,1221
5331,2023-07-04,M027,Ayşe,İstanbul,U017,Giyim,395,1,395
5332,2023-09-29,M026,Zeynep,Antalya,U003,Kitap,388,2,776
5333,2023-08-27,M042,Mustafa,Bursa,U015,Kitap,278,1,278
5334,2023-06-25,M047,Hüseyin,Bursa,U006,Kitap,125,3,375
5335,2023-10-12,M069,Canan,Ankara,U002,Kitap,197,3,591
5336,2023-08-06,M094,Ali,Antalya,U019,Elektronik,4784,1,4784
5337,2023-08-18,M047,Hüseyin,Bursa,U020,Giyim,461,3,1383
5338,2023-09-26,M047,Hüseyin,Bursa,U005,Kitap,454,1,454
5339,2023-08-07,M083,Mustafa,İzmir,U010,Kitap,187,2,374
5340,2023-06-24,M056,Ali,Bursa,U003,Kitap,388,3,1164
5341,2023-09-22,M046,Canan,İzmir,U016,Elektronik,2627,2,5254
5342,2023-09-04,M052,Ayşe,Ankara,U006,Kitap,125,3,375
5343,2023-07-26,M030,Fatma,İzmir,U002,Kitap,197,2,394
5344,2023-06-25,M005,Mustafa,Bursa,U019,Elektronik,4784,1,4784
5345,2023-08-26,M091,Ali,İstanbul,U007,Elektronik,3314,2,6628
5346,2023-09-26,M053,Canan,Bursa,U001,Elektronik,2389,2,4778
5347,2023-08-11,M002,Elif,Antalya,U003,Kitap,388,2,776
5348,2023-09-18,M004,Ali,Ankara,U008,Giyim,303,2,606
5349,2023-10-29,M024,Ayşe,Antalya,U017,Giyim,395,3,1185
5350,2023-07-19,M005,Mustafa,Bursa,U017,Giyim,395,2,790
5351,2023-10-17,M053,Canan,Bursa,U013,Elektronik,1127,2,2254
5352,2023-06-20,M024,Ayşe,Antalya,U017,Giyim,395,1,395
5353,2023-07-28,M014,Canan,İstanbul,U002,Kitap,197,3,591
5354,2023-06-15,M075,Ahmet,Ankara,U001,Elektronik,2389,2,4778
5355,2023-08-10,M041,Fatma,Antalya,U019,Elektronik,4784,3,14352
5356,2023-10-10,M090,Canan,İstanbul,U015,Kitap,278,2,556
5357,2023-10-15,M074,Canan,İzmir,U003,Kitap,388,1,388
5358,2023-09-24,M041,Fatma,Antalya,U016,Elektronik,2627,2,5254
5359,2023-09-22,M055,Mustafa,Bursa,U013,Elektronik,1127,1,1127
5360,2023-10-20,M060,Fatma,Antalya,U009,Giyim,407,1,407
5361,2023-06-08,M018,Mustafa,Bursa,U005,Kitap,454,3,1362
5362,2023-08-02,M090,Canan,İstanbul,U012,Kitap,276,1,276
5363,2023-06-24,M002,Elif,Antalya,U005,Kitap,454,3,1362
5364,2023-09-24,M052,Ayşe,Ankara,U004,Giyim,124,1,124
5365,2023-10-04,M077,Fatma,İstanbul,U002,Kitap,197,1,197
5366,2023-10-18,M013,Canan,Bursa,U002,Kitap,197,3,591
5367,2023-09-07,M022,Fatma,İstanbul,U008,Giyim,303,2,606
5368,2023-09-16,M010,Ali,Bursa,U018,Giyim,130,1,130
5369,2023-09-05,M027,Ayşe,İstanbul,U016,Elektronik,2627,3,7881
5370,2023-08-31,M078,Hüseyin,İstanbul,U017,Giyim,395,2,790
5371,2023-08-25,M066,Elif,Ankara,U014,Kitap,374,2,748
5372,2023-08-26,M080,Elif,Bursa,U011,Elektronik,1480,3,4440
5373,2023-06-17,M045,Mehmet,Bursa,U018,Giyim,130,1,130
5374,2023-07-04,M018,Mustafa,Bursa,U010,Kitap,187,1,187
5375,2023-06-19,M040,Mehmet,Bursa,U011,Elektronik,1480,2,2960
5376,2023-09-06,M018,Mustafa,Bursa,U015,Kitap,278,3,834
5377,2023-06-17,M067,Canan,Bursa,U018,Giyim,130,2,260
5378,2023-07-11,M063,Ali,İstanbul,U008,Giyim,303,3,909
5379,2023-07-31,M008,Mehmet,Antalya,U006,Kitap,125,2,250
5380,2023-09-10,M087,Ayşe,Antalya,U013,Elektronik,1127,2,2254
5381,2023-08-18,M020,Canan,İzmir,U015,Kitap,278,2,556
5382,2023-06-13,M053,Canan,Bursa,U019,Elektronik,4784,2,9568
5383,2023-09-05,M086,Elif,Antalya,U002,Kitap,197,1,197
5384,2023-06-07,M085,Ali,Bursa,U003,Kitap,388,2,776
5385,2023-06-22,M056,Ali,Bursa,U018,Giyim,130,1,130
5386,2023-09-07,M051,Ayşe,İstanbul,U001,Elektronik,2389,3,7167
5387,2023-07-08,M022,Fatma,İstanbul,U015,Kitap,278,3,834
5388,2023-06-29,M041,Fatma,Antalya,U015,Kitap,278,2,556
5389,2023-09-03,M004,Ali,Ankara,U013,Elektronik,1127,2,2254
5390,2023-09-25,M068,Zeynep,Ankara,U015,Kitap,278,3,834
5391,2023-10-14,M006,Ayşe,Ankara,U008,Giyim,303,1,303
5392,2023-07-21,M057,Zeynep,Antalya,U005,Kitap,454,2,908
5393,2023-08-16,M058,Mehmet,Ankara,U006,Kitap,125,2,250
5394,2023-10-06,M063,Ali,İstanbul,U009,Giyim,407,2,814
5395,2023-06-15,M022,Fatma,İstanbul,U009,Giyim,407,2,814
5396,2023-08-18,M042,Mustafa,Bursa,U003,Kitap,388,2,776
5397,2023-06-29,M015,Mehmet,Ankara,U015,Kitap,278,3,834
5398,2023-07-27,M031,Canan,Antalya,U012,Kitap,276,3,828
5399,2023-10-19,M009,Hüseyin,Bursa,U018,Giyim,130,2,260
5400,2023-07-21,M014,Canan,İstanbul,U011,Elektronik,1480,3,4440
5401,2023-07-03,M083,Mustafa,İzmir,U010,Kitap,187,3,561
5402,2023-07-20,M036,Fatma,İstanbul,U003,Kitap,388,3,1164
5403,2023-08-16,M096,Ayşe,Antalya,U012,Kitap,276,3,828
5404,2023-08-16,M054,Mehmet,Bursa,U007,Elektronik,3314,1,3314
5405,2023-10-11,M055,Mustafa,Bursa,U019,Elektronik,4784,3,14352
5406,2023-09-09,M074,Canan,İzmir,U007,Elektronik,3314,3,9942
5407,2023-06-03,M084,Elif,İzmir,U001,Elektronik,2389,1,2389
5408,2023-08-08,M098,Ayşe,Bursa,U011,Elektronik,1480,3,4440
5409,2023-06-24,M085,Ali,Bursa,U002,Kitap,197,3,591
5410,2023-09-10,M001,Canan,İstanbul,U014,Kitap,374,1,374
5411,2023-06-22,M005,Mustafa,Bursa,U002,Kitap,197,1,197
5412,2023-08-10,M043,Elif,İstanbul,U018,Giyim,130,2,260
5413,2023-10-16,M069,Canan,Ankara,U019,Elektronik,4784,1,4784
5414,2023-09-10,M035,Zeynep,İzmir,U014,Kitap,374,1,374
5415,2023-10-16,M078,Hüseyin,İstanbul,U018,Giyim,130,1,130
5416,2023-07-14,M017,Fatma,İzmir,U019,Elektronik,4784,3,14352
5417,2023-07-04,M021,Mehmet,Ankara,U019,Elektronik,4784,3,14352
5418,2023-10-05,M050,Ahmet,Bursa,U004,Giyim,124,2,248
5419,2023-10-26,M040,Mehmet,Bursa,U003,Kitap,388,3,1164
5420,2023-09-02,M049,Ayşe,Bursa,U008,Giyim,303,2,606
5421,2023-06-17,M095,Fatma,Ankara,U019,Elektronik,4784,1,4784
5422,2023-10-12,M016,Mustafa,İzmir,U019,Elektronik,4784,3,14352
5423,2023-10-04,M047,Hüseyin,Bursa,U017,Giyim,395,1,395
5424,2023-08-01,M084,Elif,İzmir,U016,Elektronik,2627,3,7881
5425,2023-09-18,M078,Hüseyin,İstanbul,U008,Giyim,303,3,909
5426,2023-09-07,M045,Mehmet,Bursa,U008,Giyim,303,3,909
5427,2023-10-12,M066,Elif,Ankara,U007,Elektronik,3314,2,6628
5428,2023-10-17,M059,Canan,İstanbul,U002,Kitap,197,2,394
5429,2023-09-27,M073,Mustafa,Ankara,U020,Giyim,461,3,1383
5430,2023-08-08,M085,Ali,Bursa,U009,Giyim,407,1,407
5431,2023-09-06,M067,Canan,Bursa,U010,Kitap,187,2,374
5432,2023-10-02,M100,Canan,İstanbul,U016,Elektronik,2627,2,5254
5433,2023-06-07,M098,Ayşe,Bursa,U014,Kitap,374,1,374
5434,2023-08-02,M035,Zeynep,İzmir,U006,Kitap,125,2,250
5435,2023-10-11,M016,Mustafa,İzmir,U014,Kitap,374,3,1122
5436,2023-08-27,M090,Canan,İstanbul,U015,Kitap,278,3,834
5437,2023-06-14,M046,Canan,İzmir,U015,Kitap,278,2,556
5438,2023-06-21,M015,Mehmet,Ankara,U013,Elektronik,1127,2,2254
5439,2023-10-02,M080,Elif,Bursa,U008,Giyim,303,1,303
5440,2023-07-12,M045,Mehmet,Bursa,U006,Kitap,125,1,125
5441,2023-06-04,M035,Zeynep,İzmir,U020,Giyim,461,1,461
5442,2023-08-24,M059,Canan,İstanbul,U011,Elektronik,1480,3,4440
5443,2023-06-27,M036,Fatma,İstanbul,U013,Elektronik,1127,1,1127
5444,2023-09-28,M042,Mustafa,Bursa,U009,Giyim,407,3,1221
5445,2023-08-08,M038,Fatma,İstanbul,U011,Elektronik,1480,2,2960
5446,2023-08-31,M005,Mustafa,Bursa,U013,Elektronik,1127,2,2254
5447,2023-07-12,M008,Mehmet,Antalya,U020,Giyim,461,2,922
5448,2023-06-04,M033,Ali,Ankara,U013,Elektronik,1127,2,2254
5449,2023-10-21,M040,Mehmet,Bursa,U001,Elektronik,2389,3,7167
5450,2023-06-23,M058,Mehmet,Ankara,U017,Giyim,395,2,790
5451,2023-09-07,M044,Elif,Bursa,U020,Giyim,461,2,922
5452,2023-06-09,M047,Hüseyin,Bursa,U004,Giyim,124,2,248
5453,2023-10-16,M089,Canan,Bursa,U015,Kitap,278,2,556
5454,2023-07-12,M025,Mehmet,Bursa,U006,Kitap,125,3,375
5455,2023-09-29,M096,Ayşe,Antalya,U005,Kitap,454,1,454
5456,2023-09-21,M076,Canan,Bursa,U011,Elektronik,1480,1,1480
5457,2023-06-22,M046,Canan,İzmir,U004,Giyim,124,3,372
5458,2023-07-21,M005,Mustafa,Bursa,U015,Kitap,278,2,556
5459,2023-09-12,M081,Fatma,İzmir,U019,Elektronik,4784,2,9568
5460,2023-07-14,M012,Elif,Ankara,U006,Kitap,125,2,250
5461,2023-08-25,M058,Mehmet,Ankara,U009,Giyim,407,1,407
5462,2023-08-17,M074,Canan,İzmir,U012,Kitap,276,1,276
5463,2023-10-20,M074,Canan,İzmir,U005,Kitap,454,2,908
5464,2023-06-21,M038,Fatma,İstanbul,U010,Kitap,187,2,374
5465,2023-07-15,M083,Mustafa,İzmir,U007,Elektronik,3314,2,6628
5466,2023-10-09,M007,Zeynep,İstanbul,U015,Kitap,278,3,834
5467,2023-10-09,M094,Ali,Antalya,U002,Kitap,197,3,591
5468,2023-08-15,M020,Canan,İzmir,U012,Kitap,276,1,276
5469,2023-07-15,M051,Ayşe,İstanbul,U016,Elektronik,2627,3,7881
5470,2023-09-02,M052,Ayşe,Ankara,U009,Giyim,407,1,407
5471,2023-06-24,M038,Fatma,İstanbul,U002,Kitap,197,1,197
5472,2023-08-27,M082,Ali,Antalya,U020,Giyim,461,1,461
5473,2023-08-24,M093,Hüseyin,Antalya,U009,Giyim,407,1,407
5474,2023-09-01,M011,Ali,İzmir,U014,Kitap,374,3,1122
5475,2023-10-19,M054,Mehmet,Bursa,U019,Elektronik,4784,3,14352
5476,2023-08-06,M091,Ali,İstanbul,U017,Giyim,395,1,395
5477,2023-07-06,M094,Ali,Antalya,U018,Giyim,130,3,390
5478,2023-07-29,M048,Mehmet,Antalya,U011,Elektronik,1480,3,4440
5479,2023-10-01,M071,Ali,Bursa,U009,Giyim,407,1,407
5480,2023-07-15,M097,Fatma,Antalya,U020,Giyim,461,2,922
5481,2023-08-12,M077,Fatma,İstanbul,U019,Elektronik,4784,2,9568
5482,2023-06-05,M056,Ali,Bursa,U009,Giyim,407,2,814
5483,2023-10-26,M037,Ahmet,İzmir,U013,Elektronik,1127,3,3381
5484,2023-06-20,M044,Elif,Bursa,U019,Elektronik,4784,3,14352
5485,2023-07-14,M050,Ahmet,Bursa,U011,Elektronik,1480,3,4440
5486,2023-07-23,M007,Zeynep,İstanbul,U007,Elektronik,3314,2,6628
5487,2023-08-23,M095,Fatma,Ankara,U019,Elektronik,4784,2,9568
5488,2023-06-29,M047,Hüseyin,Bursa,U015,Kitap,278,1,278
5489,2023-09-01,M016,Mustafa,İzmir,U019,Elektronik,4784,3,14352
5490,2023-10-07,M025,Mehmet,Bursa,U018,Giyim,130,3,390
5491,2023-07-15,M069,Canan,Ankara,U001,Elektronik,2389,1,2389
5492,2023-09-17,M067,Canan,Bursa,U011,Elektronik,1480,3,4440
5493,2023-09-15,M094,Ali,Antalya,U010,Kitap,187,2,374
5494,2023-07-13,M014,Canan,İstanbul,U015,Kitap,278,2,556
5495,2023-09-02,M013,Canan,Bursa,U012,Kitap,276,2,552
5496,2023-10-17,M034,Mehmet,Ankara,U011,Elektronik,1480,1,1480
5497,2023-07-15,M002,Elif,Antalya,U014,Kitap,374,1,374
5498,2023-10-28,M014,Canan,İstanbul,U011,Elektronik,1480,2,2960
5499,2023-06-06,M099,Canan,Antalya,U014,Kitap,374,2,748
5500,2023-10-15,M035,Zeynep,İzmir,U014,Kitap,374,2,748
5501,2023-10-21,M068,Zeynep,Ankara,U020,Giyim,461,3,1383
5502,2023-08-04,M044,Elif,Bursa,U018,Giyim,130,1,130
5503,2023-06-14,M054,Mehmet,Bursa,U018,Giyim,130,1,130
5504,2023-06-10,M086,Elif,Antalya,U007,Elektronik,3314,1,3314
5505,2023-10-22,M020,Canan,İzmir,U015,Kitap,278,1,278
5506,2023-08-13,M012,Elif,Ankara,U019,Elektronik,4784,2,9568
5507,2023-07-15,M096,Ayşe,Antalya,U015,Kitap,278,3,834
5508,2023-06-02,M005,Mustafa,Bursa,U005,Kitap,454,1,454
5509,2023-10-28,M031,Canan,Antalya,U001,Elektronik,2389,3,7167
5510,2023-09-12,M090,Canan,İstanbul,U020,Giyim,461,3,1383
5511,2023-06-01,M047,Hüseyin,Bursa,U017,Giyim,395,3,1185
5512,2023-08-02,M009,Hüseyin,Bursa,U009,Giyim,407,1,407
5513,2023-07-31,M047,Hüseyin,Bursa,U006,Kitap,125,3,375
5514,2023-06-05,M059,Canan,İstanbul,U014,Kitap,374,3,1122
5515,2023-08-19,M014,Canan,İstanbul,U002,Kitap,197,2,394
5516,2023-06-14,M068,Zeynep,Ankara,U018,Giyim,130,1,130
5517,2023-09-09,M065,Ayşe,İzmir,U011,Elektronik,1480,2,2960
5518,2023-09-27,M029,Hüseyin,Bursa,U010,Kitap,187,3,561
5519,2023-06-24,M099,Canan,Antalya,U015,Kitap,278,1,278
5520,2023-06-10,M034,Mehmet,Ankara,U002,Kitap,197,1,197
5521,2023-09-02,M090,Canan,İstanbul,U002,Kitap,197,2,394
5522,2023-07-20,M071,Ali,Bursa,U016,Elektronik,2627,3,7881
5523,2023-07-08,M010,Ali,Bursa,U013,Elektronik,1127,3,3381
5524,2023-09-13,M020,Canan,İzmir,U010,Kitap,187,3,561
5525,2023-10-04,M098,Ayşe,Bursa,U003,Kitap,388,1,388
5526,2023-09-10,M084,Elif,İzmir,U015,Kitap,278,1,278
5527,2023-10-16,M022,Fatma,İstanbul,U017,Giyim,395,2,790
5528,2023-10-06,M094,Ali,Antalya,U006,Kitap,125,1,125
5529,2023-08-04,M085,Ali,Bursa,U020,Giyim,461,2,922
5530,2023-07-21,M098,Ayşe,Bursa,U009,Giyim,407,2,814
5531,2023-07-29,M047,Hüseyin,Bursa,U018,Giyim,130,2,260
5532,2023-07-04,M069,Canan,Ankara,U003,Kitap,388,1,388
5533,2023-06-07,M064,Canan,Antalya,U020,Giyim,461,2,922
5534,2023-09-15,M028,Mehmet,Ankara,U019,Elektronik,4784,3,14352
5535,2023-09-16,M022,Fatma,İstanbul,U003,Kitap,388,1,388
5536,2023-08-03,M052,Ayşe,Ankara,U003,Kitap,388,1,388
5537,2023-07-30,M050,Ahmet,Bursa,U015,Kitap,278,1,278
5538,2023-09-26,M065,Ayşe,İzmir,U017,Giyim,395,1,395
5539,2023-10-06,M023,Elif,İzmir,U004,Giyim,124,1,124
5540,2023-08-08,M023,Elif,İzmir,U018,Giyim,130,3,390
5541,2023-10-13,M015,Mehmet,Ankara,U006,Kitap,125,2,250
5542,2023-08-30,M079,Zeynep,İzmir,U019,Elektronik,4784,3,14352
5543,2023-06-14,M015,Mehmet,Ankara,U006,Kitap,125,3,375
5544,2023-07-06,M028,Mehmet,Ankara,U005,Kitap,454,3,1362
5545,2023-09-09,M034,Mehmet,Ankara,U008,Giyim,303,2,606
5546,2023-08-22,M061,Elif,İstanbul,U020,Giyim,461,1,461
5547,2023-09-03,M064,Canan,Antalya,U012,Kitap,276,1,276
5548,2023-07-28,M001,Canan,İstanbul,U020,Giyim,461,1,461
5549,2023-07-28,M006,Ayşe,Ankara,U018,Giyim,130,2,260
5550,2023-10-11,M063,Ali,İstanbul,U010,Kitap,187,2,374
5551,2023-08-20,M003,Fatma,Bursa,U004,Giyim,124,1,124
5552,2023-07-24,M057,Zeynep,Antalya,U003,Kitap,388,1,388
5553,2023-06-03,M090,Canan,İstanbul,U009,Giyim,407,1,407
5554,2023-07-19,M057,Zeynep,Antalya,U015,Kitap,278,1,278
5555,2023-06-03,M093,Hüseyin,Antalya,U007,Elektronik,3314,1,3314
5556,2023-10-08,M024,Ayşe,Antalya,U016,Elektronik,2627,3,7881
5557,2023-08-10,M070,Fatma,İstanbul,U010,Kitap,187,1,187
5558,2023-07-06,M031,Canan,Antalya,U002,Kitap,197,1,197
5559,2023-10-06,M014,Canan,İstanbul,U013,Elektronik,1127,2,2254
5560,2023-10-25,M042,Mustafa,Bursa,U009,Giyim,407,3,1221
5561,2023-07-24,M009,Hüseyin,Bursa,U003,Kitap,388,1,388
5562,2023-08-30,M051,Ayşe,İstanbul,U017,Giyim,395,3,1185
5563,2023-10-14,M008,Mehmet,Antalya,U012,Kitap,276,3,828
5564,2023-09-22,M049,Ayşe,Bursa,U014,Kitap,374,1,374
5565,2023-07-03,M018,Mustafa,Bursa,U007,Elektronik,3314,3,9942
5566,2023-09-21,M080,Elif,Bursa,U004,Giyim,124,2,248
5567,2023-09-04,M067,Canan,Bursa,U020,Giyim,461,1,461
5568,2023-10-01,M001,Canan,İstanbul,U014,Kitap,374,3,1122
5569,2023-10-15,M053,Canan,Bursa,U009,Giyim,407,3,1221
5570,2023-10-21,M095,Fatma,Ankara,U007,Elektronik,3314,3,9942
5571,2023-06-01,M007,Zeynep,İstanbul,U017,Giyim,395,2,790
5572,2023-10-24,M073,Mustafa,Ankara,U011,Elektronik,1480,2,2960
5573,2023-09-08,M016,Mustafa,İzmir,U014,Kitap,374,1,374
5574,2023-09-03,M078,Hüseyin,İstanbul,U001,Elektronik,2389,2,4778
5575,2023-07-04,M022,Fatma,İstanbul,U001,Elektronik,2389,3,7167
5576,2023-07-14,M027,Ayşe,İstanbul,U010,Kitap,187,2,374
5577,2023-06-20,M014,Canan,İstanbul,U012,Kitap,276,3,828
5578,2023-09-02,M064,Canan,Antalya,U011,Elektronik,1480,3,4440
5579,2023-09-25,M026,Zeynep,Antalya,U004,Giyim,124,2,248
5580,2023-07-16,M057,Zeynep,Antalya,U020,Giyim,461,2,922
5581,2023-10-17,M036,Fatma,İstanbul,U020,Giyim,461,2,922
5582,2023-09-08,M090,Canan,İstanbul,U009,Giyim,407,1,407
5583,2023-08-21,M083,Mustafa,İzmir,U010,Kitap,187,3,561
5584,2023-08-02,M014,Canan,İstanbul,U004,Giyim,124,3,372
5585,2023-07-15,M085,Ali,Bursa,U007,Elektronik,3314,1,3314
5586,2023-06-21,M022,Fatma,İstanbul,U006,Kitap,125,2,250
5587,2023-08-18,M042,Mustafa,Bursa,U014,Kitap,374,2,748
5588,2023-09-24,M074,Canan,İzmir,U016,Elektronik,2627,3,7881
5589,2023-07-06,M018,Mustafa,Bursa,U012,Kitap,276,3,828
5590,2023-10-10,M004,Ali,Ankara,U015,Kitap,278,2,556
5591,2023-09-19,M083,Mustafa,İzmir,U009,Giyim,407,2,814
5592,2023-07-08,M078,Hüseyin,İstanbul,U020,Giyim,461,2,922
5593,2023-10-15,M095,Fatma,Ankara,U017,Giyim,395,3,1185
5594,2023-06-02,M005,Mustafa,Bursa,U020,Giyim,461,1,461
5595,2023-09-10,M036,Fatma,İstanbul,U002,Kitap,197,1,197
5596,2023-08-17,M010,Ali,Bursa,U004,Giyim,124,1,124
5597,2023-08-27,M025,Mehmet,Bursa,U018,Giyim,130,1,130
5598,2023-07-23,M070,Fatma,İstanbul,U013,Elektronik,1127,2,2254
5599,2023-08-02,M084,Elif,İzmir,U011,Elektronik,1480,1,1480
5600,2023-09-26,M096,Ayşe,Antalya,U014,Kitap,374,1,374
5601,2023-08-27,M093,Hüseyin,Antalya,U012,Kitap,276,2,552
5602,2023-09-24,M023,Elif,İzmir,U006,Kitap,125,2,250
5603,2023-06-26,M073,Mustafa,Ankara,U020,Giyim,461,2,922
5604,2023-08-18,M020,Canan,İzmir,U009,Giyim,407,1,407
5605,2023-10-08,M015,Mehmet,Ankara,U020,Giyim,461,2,922
5606,2023-08-10,M072,Mustafa,Bursa,U016,Elektronik,2627,2,5254
5607,2023-09-02,M086,Elif,Antalya,U013,Elektronik,1127,3,3381
5608,2023-06-18,M029,Hüseyin,Bursa,U013,Elektronik,1127,3,3381
5609,2023-07-31,M100,Canan,İstanbul,U001,Elektronik,2389,3,7167
5610,2023-08-08,M033,Ali,Ankara,U003,Kitap,388,3,1164
5611,2023-06-27,M033,Ali,Ankara,U020,Giyim,461,1,461
5612,2023-07-17,M013,Canan,Bursa,U007,Elektronik,3314,3,9942
5613,2023-06-18,M093,Hüseyin,Antalya,U014,Kitap,374,2,748
5614,2023-10-28,M023,Elif,İzmir,U011,Elektronik,1480,3,4440
5615,2023-08-27,M029,Hüseyin,Bursa,U008,Giyim,303,2,606
5616,2023-08-01,M065,Ayşe,İzmir,U011,Elektronik,1480,3,4440
5617,2023-08-10,M082,Ali,Antalya,U006,Kitap,125,3,375
5618,2023-06-23,M001,Canan,İstanbul,U009,Giyim,407,2,814
5619,2023-09-24,M002,Elif,Antalya,U017,Giyim,395,1,395
5620,2023-10-16,M090,Canan,İstanbul,U003,Kitap,388,2,776
5621,2023-08-16,M053,Canan,Bursa,U008,Giyim,303,2,606
5622,2023-06-11,M071,Ali,Bursa,U006,Kitap,125,2,250
5623,2023-08-07,M098,Ayşe,Bursa,U014,Kitap,374,2,748
5624,2023-07-15,M009,Hüseyin,Bursa,U019,Elektronik,4784,2,9568
5625,2023-09-01,M052,Ayşe,Ankara,U016,Elektronik,2627,3,7881
5626,2023-10-04,M075,Ahmet,Ankara,U008,Giyim,303,3,909
5627,2023-09-05,M017,Fatma,İzmir,U020,Giyim,461,1,461
5628,2023-07-29,M020,Canan,İzmir,U006,Kitap,125,2,250
5629,2023-08-07,M083,Mustafa,İzmir,U019,Elektronik,4784,1,4784
5630,2023-10-27,M089,Canan,Bursa,U018,Giyim,130,2,260
5631,2023-06-03,M055,Mustafa,Bursa,U002,Kitap,197,1,197
5632,2023-09-17,M029,Hüseyin,Bursa,U011,Elektronik,1480,1,1480
5633,2023-06-15,M081,Fatma,İzmir,U007,Elektronik,3314,1,3314
5634,2023-09-14,M017,Fatma,İzmir,U001,Elektronik,2389,2,4778
5635,2023-08-23,M099,Canan,Antalya,U001,Elektronik,2389,3,7167
5636,2023-09-02,M060,Fatma,Antalya,U011,Elektronik,1480,1,1480
5637,2023-09-10,M018,Mustafa,Bursa,U010,Kitap,187,2,374
5638,2023-10-05,M094,Ali,Antalya,U020,Giyim,461,3,1383
5639,2023-06-29,M021,Mehmet,Ankara,U006,Kitap,125,2,250
5640,2023-07-30,M067,Canan,Bursa,U016,Elektronik,2627,1,2627
5641,2023-09-11,M097,Fatma,Antalya,U014,Kitap,374,1,374
5642,2023-10-14,M003,Fatma,Bursa,U004,Giyim,124,1,124
5643,2023-08-01,M040,Mehmet,Bursa,U003,Kitap,388,3,1164
5644,2023-10-01,M068,Zeynep,Ankara,U006,Kitap,125,3,375
5645,2023-09-29,M008,Mehmet,Antalya,U011,Elektronik,1480,3,4440
5646,2023-09-16,M006,Ayşe,Ankara,U016,Elektronik,2627,1,2627
5647,2023-07-20,M001,Canan,İstanbul,U009,Giyim,407,2,814
5648,2023-10-01,M083,Mustafa,İzmir,U017,Giyim,395,2,790
5649,2023-09-16,M064,Canan,Antalya,U008,Giyim,303,1,303
5650,2023-07-18,M011,Ali,İzmir,U007,Elektronik,3314,3,9942
5651,2023-10-01,M076,Canan,Bursa,U019,Elektronik,4784,1,4784
5652,2023-06-01,M052,Ayşe,Ankara,U002,Kitap,197,1,197
5653,2023-08-10,M087,Ayşe,Antalya,U013,Elektronik,1127,1,1127
5654,2023-10-14,M034,Mehmet,Ankara,U005,Kitap,454,3,1362
5655,2023-07-22,M089,Canan,Bursa,U011,Elektronik,1480,1,1480
5656,2023-10-18,M066,Elif,Ankara,U006,Kitap,125,3,375
5657,2023-10-05,M070,Fatma,İstanbul,U013,Elektronik,1127,2,2254
5658,2023-09-08,M086,Elif,Antalya,U008,Giyim,303,2,606
5659,2023-07-05,M084,Elif,İzmir,U001,Elektronik,2389,2,4778
5660,2023-08-09,M032,Ayşe,İzmir,U012,Kitap,276,3,828
5661,2023-06-21,M019,Elif,İstanbul,U006,Kitap,125,3,375
5662,2023-09-11,M014,Canan,İstanbul,U013,Elektronik,1127,3,3381
5663,2023-09-14,M045,Mehmet,Bursa,U001,Elektronik,2389,3,7167
5664,2023-09-28,M009,Hüseyin,Bursa,U019,Elektronik,4784,1,4784
5665,2023-09-12,M048,Mehmet,Antalya,U014,Kitap,374,3,1122
5666,2023-09-10,M098,Ayşe,Bursa,U006,Kitap,125,3,375
5667,2023-08-02,M006,Ayşe,Ankara,U010,Kitap,187,1,187
5668,2023-10-09,M030,Fatma,İzmir,U014,Kitap,374,3,1122
5669,2023-06-30,M003,Fatma,Bursa,U018,Giyim,130,2,260
5670,2023-07-23,M027,Ayşe,İstanbul,U017,Giyim,395,2,790
5671,2023-08-22,M074,Canan,İzmir,U012,Kitap,276,1,276
5672,2023-06-23,M042,Mustafa,Bursa,U017,Giyim,395,3,1185
5673,2023-09-21,M088,Zeynep,Bursa,U004,Giyim,124,1,124
5674,2023-09-02,M035,Zeynep,İzmir,U009,Giyim,407,3,1221
5675,2023-09-20,M077,Fatma,İstanbul,U007,Elektronik,3314,3,9942
5676,2023-06-16,M091,Ali,İstanbul,U011,Elektronik,1480,1,1480
5677,2023-09-04,M020,Canan,İzmir,U005,Kitap,454,3,1362
5678,2023-08-30,M023,Elif,İzmir,U017,Giyim,395,1,395
5679,2023-06-15,M053,Canan,Bursa,U007,Elektronik,3314,1,3314
5680,2023-07-02,M039,Elif,Bursa,U002,Kitap,197,2,394
5681,2023-06-10,M015,Mehmet,Ankara,U015,Kitap,278,1,278
5682,2023-09-15,M089,Canan,Bursa,U016,Elektronik,2627,1,2627
5683,2023-07-23,M018,Mustafa,Bursa,U002,Kitap,197,1,197
5684,2023-07-31,M097,Fatma,Antalya,U005,Kitap,454,3,1362
5685,2023-08-28,M071,Ali,Bursa,U018,Giyim,130,1,130
5686,2023-08-14,M097,Fatma,Antalya,U014,Kitap,374,2,748
5687,2023-07-04,M100,Canan,İstanbul,U012,Kitap,276,3,828
5688,2023-06-28,M060,Fatma,Antalya,U011,Elektronik,1480,2,2960
5689,2023-08-07,M083,Mustafa,İzmir,U018,Giyim,130,1,130
5690,2023-10-26,M055,Mustafa,Bursa,U020,Giyim,461,3,1383
5691,2023-07-15,M072,Mustafa,Bursa,U008,Giyim,303,3,909
5692,2023-07-03,M045,Mehmet,Bursa,U010,Kitap,187,2,374
5693,2023-07-03,M076,Canan,Bursa,U005,Kitap,454,2,908
5694,2023-06-07,M019,Elif,İstanbul,U003,Kitap,388,1,388
5695,2023-10-29,M084,Elif,İzmir,U015,Kitap,278,2,556
5696,2023-09-02,M064,Canan,Antalya,U012,Kitap,276,2,552
5697,2023-08-27,M090,Canan,İstanbul,U011,Elektronik,1480,3,4440
5698,2023-08-05,M098,Ayşe,Bursa,U001,Elektronik,2389,2,4778
5699,2023-07-21,M055,Mustafa,Bursa,U014,Kitap,374,2,748
5700,2023-06-10,M025,Mehmet,Bursa,U020,Giyim,461,1,461
5701,2023-09-25,M037,Ahmet,İzmir,U008,Giyim,303,1,303
5702,2023-09-13,M010,Ali,Bursa,U018,Giyim,130,2,260
5703,2023-08-26,M073,Mustafa,Ankara,U019,Elektronik,4784,3,14352
5704,2023-06-02,M100,Canan,İstanbul,U013,Elektronik,1127,1,1127
5705,2023-09-19,M082,Ali,Antalya,U002,Kitap,197,1,197
5706,2023-06-19,M013,Canan,Bursa,U012,Kitap,276,3,828
5707,2023-07-01,M023,Elif,İzmir,U007,Elektronik,3314,1,3314
5708,2023-09-30,M011,Ali,İzmir,U002,Kitap,197,3,591
5709,2023-09-28,M005,Mustafa,Bursa,U020,Giyim,461,3,1383
5710,2023-09-26,M061,Elif,İstanbul,U016,Elektronik,2627,3,7881
5711,2023-10-05,M062,Ali,Bursa,U010,Kitap,187,1,187
5712,2023-10-15,M098,Ayşe,Bursa,U005,Kitap,454,3,1362
5713,2023-07-21,M011,Ali,İzmir,U019,Elektronik,4784,2,9568
5714,2023-09-16,M004,Ali,Ankara,U001,Elektronik,2389,1,2389
5715,2023-10-20,M077,Fatma,İstanbul,U008,Giyim,303,3,909
5716,2023-06-26,M004,Ali,Ankara,U007,Elektronik,3314,2,6628
5717,2023-06-09,M093,Hüseyin,Antalya,U005,Kitap,454,2,908
5718,2023-08-16,M083,Mustafa,İzmir,U010,Kitap,187,3,561
5719,2023-08-16,M063,Ali,İstanbul,U009,Giyim,407,2,814
5720,2023-07-18,M035,Zeynep,İzmir,U008,Giyim,303,1,303
5721,2023-09-13,M099,Canan,Antalya,U020,Giyim,461,2,922
5722,2023-06-22,M074,Canan,İzmir,U010,Kitap,187,1,187
5723,2023-06-05,M058,Mehmet,Ankara,U018,Giyim,130,3,390
5724,2023-10-15,M004,Ali,Ankara,U008,Giyim,303,2,606
5725,2023-08-21,M007,Zeynep,İstanbul,U007,Elektronik,3314,3,9942
5726,2023-10-18,M006,Ayşe,Ankara,U018,Giyim,130,3,390
5727,2023-08-08,M015,Mehmet,Ankara,U002,Kitap,197,3,591
5728,2023-08-31,M021,Mehmet,Ankara,U018,Giyim,130,1,130
5729,2023-08-16,M098,Ayşe,Bursa,U020,Giyim,461,2,922
5730,2023-07-22,M019,Elif,İstanbul,U017,Giyim,395,3,1185
5731,2023-08-23,M022,Fatma,İstanbul,U005,Kitap,454,2,908
5732,2023-06-11,M019,Elif,İstanbul,U017,Giyim,395,2,790
5733,2023-07-18,M057,Zeynep,Antalya,U016,Elektronik,2627,3,7881
5734,2023-06-26,M050,Ahmet,Bursa,U018,Giyim,130,1,130
5735,2023-06-17,M066,Elif,Ankara,U002,Kitap,197,3,591
5736,2023-07-25,M039,Elif,Bursa,U015,Kitap,278,2,556
5737,2023-09-20,M056,Ali,Bursa,U004,Giyim,124,1,124
5738,2023-08-16,M012,Elif,Ankara,U009,Giyim,407,2,814
5739,2023-10-19,M040,Mehmet,Bursa,U020,Giyim,461,2,922
5740,2023-10-04,M067,Canan,Bursa,U014,Kitap,374,2,748
5741,2023-10-02,M054,Mehmet,Bursa,U006,Kitap,125,3,375
5742,2023-07-30,M018,Mustafa,Bursa,U014,Kitap,374,3,1122
5743,2023-08-17,M049,Ayşe,Bursa,U016,Elektronik,2627,2,5254
5744,2023-09-19,M068,Zeynep,Ankara,U007,Elektronik,3314,2,6628
5745,2023-10-05,M066,Elif,Ankara,U015,Kitap,278,1,278
5746,2023-10-22,M063,Ali,İstanbul,U013,Elektronik,1127,1,1127
5747,2023-07-28,M094,Ali,Antalya,U011,Elektronik,1480,1,1480
5748,2023-08-13,M056,Ali,Bursa,U009,Giyim,407,3,1221
5749,2023-07-13,M077,Fatma,İstanbul,U010,Kitap,187,3,561
5750,2023-09-20,M064,Canan,Antalya,U007,Elektronik,3314,2,6628
5751,2023-07-02,M042,Mustafa,Bursa,U020,Giyim,461,1,461
5752,2023-07-09,M028,Mehmet,Ankara,U016,Elektronik,2627,2,5254
5753,2023-08-01,M004,Ali,Ankara,U016,Elektronik,2627,1,2627
5754,2023-07-14,M068,Zeynep,Ankara,U012,Kitap,276,1,276
5755,2023-06-06,M026,Zeynep,Antalya,U005,Kitap,454,3,1362
5756,2023-09-25,M022,Fatma,İstanbul,U019,Elektronik,4784,3,14352
5757,2023-10-20,M016,Mustafa,İzmir,U012,Kitap,276,1,276
5758,2023-09-28,M038,Fatma,İstanbul,U016,Elektronik,2627,3,7881
5759,2023-10-09,M073,Mustafa,Ankara,U017,Giyim,395,2,790
5760,2023-08-19,M037,Ahmet,İzmir,U020,Giyim,461,3,1383
5761,2023-08-05,M013,Canan,Bursa,U008,Giyim,303,2,606
5762,2023-10-27,M050,Ahmet,Bursa,U002,Kitap,197,3,591
5763,2023-06-17,M079,Zeynep,İzmir,U017,Giyim,395,2,790
5764,2023-08-28,M019,Elif,İstanbul,U013,Elektronik,1127,1,1127
5765,2023-07-17,M084,Elif,İzmir,U011,Elektronik,1480,1,1480
5766,2023-06-13,M044,Elif,Bursa,U011,Elektronik,1480,1,1480
5767,2023-08-06,M071,Ali,Bursa,U014,Kitap,374,1,374
5768,2023-07-30,M038,Fatma,İstanbul,U005,Kitap,454,3,1362
5769,2023-06-22,M042,Mustafa,Bursa,U003,Kitap,388,1,388
5770,2023-06-10,M078,Hüseyin,İstanbul,U016,Elektronik,2627,2,5254
5771,2023-09-30,M044,Elif,Bursa,U010,Kitap,187,1,187
5772,2023-09-21,M059,Canan,İstanbul,U013,Elektronik,1127,2,2254
5773,2023-09-17,M078,Hüseyin,İstanbul,U019,Elektronik,4784,1,4784
5774,2023-08-02,M078,Hüseyin,İstanbul,U007,Elektronik,3314,1,3314
5775,2023-07-19,M030,Fatma,İzmir,U014,Kitap,374,2,748
5776,2023-07-24,M054,Mehmet,Bursa,U019,Elektronik,4784,2,9568
5777,2023-08-25,M079,Zeynep,İzmir,U006,Kitap,125,3,375
5778,2023-09-01,M082,Ali,Antalya,U003,Kitap,388,2,776
5779,2023-07-04,M012,Elif,Ankara,U001,Elektronik,2389,3,7167
5780,2023-06-18,M073,Mustafa,Ankara,U016,Elektronik,2627,1,2627
5781,2023-06-14,M100,Canan,İstanbul,U004,Giyim,124,3,372
5782,2023-09-26,M022,Fatma,İstanbul,U003,Kitap,388,2,776
5783,2023-09-08,M047,Hüseyin,Bursa,U013,Elektronik,1127,1,1127
5784,2023-08-02,M059,Canan,İstanbul,U018,Giyim,130,1,130
5785,2023-06-29,M025,Mehmet,Bursa,U002,Kitap,197,3,591
5786,2023-07-24,M068,Zeynep,Ankara,U019,Elektronik,4784,2,9568
5787,2023-07-14,M054,Mehmet,Bursa,U014,Kitap,374,2,748
5788,2023-06-25,M050,Ahmet,Bursa,U001,Elektronik,2389,1,2389
5789,2023-07-07,M038,Fatma,İstanbul,U012,Kitap,276,3,828
5790,2023-10-19,M018,Mustafa,Bursa,U013,Elektronik,1127,3,3381
5791,2023-08-02,M081,Fatma,İzmir,U017,Giyim,395,2,790
5792,2023-09-05,M039,Elif,Bursa,U002,Kitap,197,2,394
5793,2023-07-26,M042,Mustafa,Bursa,U009,Giyim,407,2,814
5794,2023-09-28,M011,Ali,İzmir,U005,Kitap,454,2,908
5795,2023-09-16,M054,Mehmet,Bursa,U010,Kitap,187,3,561
5796,2023-10-10,M083,Mustafa,İzmir,U010,Kitap,187,2,374
5797,2023-09-11,M088,Zeynep,Bursa,U013,Elektronik,1127,3,3381
5798,2023-09-27,M007,Zeynep,İstanbul,U010,Kitap,187,2,374
5799,2023-06-29,M084,Elif,İzmir,U007,Elektronik,3314,3,9942
5800,2023-07-03,M019,Elif,İstanbul,U003,Kitap,388,3,1164
5801,2023-10-14,M012,Elif,Ankara,U020,Giyim,461,2,922
5802,2023-07-13,M012,Elif,Ankara,U001,Elektronik,2389,3,7167
5803,2023-08-08,M062,Ali,Bursa,U009,Giyim,407,1,407
5804,2023-09-02,M072,Mustafa,Bursa,U005,Kitap,454,3,1362
5805,2023-09-22,M011,Ali,İzmir,U013,Elektronik,1127,1,1127
5806,2023-06-17,M095,Fatma,Ankara,U020,Giyim,461,2,922
5807,2023-09-19,M092,Zeynep,İzmir,U003,Kitap,388,3,1164
5808,2023-09-14,M011,Ali,İzmir,U004,Giyim,124,1,124
5809,2023-08-23,M012,Elif,Ankara,U019,Elektronik,4784,2,9568
5810,2023-08-01,M018,Mustafa,Bursa,U018,Giyim,130,2,260
5811,2023-06-09,M022,Fatma,İstanbul,U005,Kitap,454,1,454
5812,2023-06-14,M056,Ali,Bursa,U014,Kitap,374,3,1122
5813,2023-07-29,M005,Mustafa,Bursa,U001,Elektronik,2389,1,2389
5814,2023-07-24,M068,Zeynep,Ankara,U012,Kitap,276,1,276
5815,2023-08-01,M066,Elif,Ankara,U018,Giyim,130,1,130
5816,2023-10-20,M017,Fatma,İzmir,U002,Kitap,197,3,591
5817,2023-06-27,M039,Elif,Bursa,U011,Elektronik,1480,1,1480
5818,2023-09-05,M027,Ayşe,İstanbul,U020,Giyim,461,2,922
5819,2023-07-24,M016,Mustafa,İzmir,U017,Giyim,395,3,1185
5820,2023-07-02,M042,Mustafa,Bursa,U017,Giyim,395,3,1185
5821,2023-07-03,M004,Ali,Ankara,U016,Elektronik,2627,2,5254
5822,2023-07-14,M027,Ayşe,İstanbul,U010,Kitap,187,1,187
5823,2023-07-18,M072,Mustafa,Bursa,U007,Elektronik,3314,3,9942
5824,2023-08-26,M030,Fatma,İzmir,U001,Elektronik,2389,2,4778
5825,2023-09-11,M027,Ayşe,İstanbul,U010,Kitap,187,2,374
5826,2023-07-19,M065,Ayşe,İzmir,U009,Giyim,407,3,1221
5827,2023-07-02,M042,Mustafa,Bursa,U002,Kitap,197,1,197
5828,2023-08-29,M026,Zeynep,Antalya,U016,Elektronik,2627,1,2627
5829,2023-07-20,M039,Elif,Bursa,U005,Kitap,454,2,908
5830,2023-09-15,M020,Canan,İzmir,U019,Elektronik,4784,2,9568
5831,2023-10-03,M038,Fatma,İstanbul,U003,Kitap,388,3,1164
5832,2023-10-13,M058,Mehmet,Ankara,U006,Kitap,125,1,125
5833,2023-08-28,M035,Zeynep,İzmir,U008,Giyim,303,3,909
5834,2023-07-02,M025,Mehmet,Bursa,U019,Elektronik,4784,3,14352
5835,2023-07-13,M071,Ali,Bursa,U003,Kitap,388,2,776
5836,2023-08-18,M097,Fatma,Antalya,U001,Elektronik,2389,3,7167
5837,2023-07-02,M052,Ayşe,Ankara,U012,Kitap,276,1,276
5838,2023-10-09,M049,Ayşe,Bursa,U017,Giyim,395,3,1185
5839,2023-07-17,M057,Zeynep,Antalya,U011,Elektronik,1480,3,4440
5840,2023-07-07,M004,Ali,Ankara,U002,Kitap,197,3,591
5841,2023-06-22,M053,Canan,Bursa,U008,Giyim,303,3,909
5842,2023-09-18,M069,Canan,Ankara,U015,Kitap,278,3,834
5843,2023-08-11,M022,Fatma,İstanbul,U019,Elektronik,4784,2,9568
5844,2023-09-26,M079,Zeynep,İzmir,U001,Elektronik,2389,1,2389
5845,2023-08-07,M076,Canan,Bursa,U016,Elektronik,2627,1,2627
5846,2023-09-02,M044,Elif,Bursa,U009,Giyim,407,3,1221
5847,2023-06-24,M089,Canan,Bursa,U009,Giyim,407,2,814
5848,2023-07-18,M018,Mustafa,Bursa,U019,Elektronik,4784,1,4784
5849,2023-07-27,M026,Zeynep,Antalya,U017,Giyim,395,2,790
5850,2023-09-01,M087,Ayşe,Antalya,U011,Elektronik,1480,1,1480
5851,2023-08-06,M040,Mehmet,Bursa,U004,Giyim,124,3,372
5852,2023-08-13,M001,Canan,İstanbul,U008,Giyim,303,1,303
5853,2023-10-14,M010,Ali,Bursa,U008,Giyim,303,1,303
5854,2023-09-19,M064,Canan,Antalya,U020,Giyim,461,1,461
5855,2023-09-29,M052,Ayşe,Ankara,U011,Elektronik,1480,1,1480
5856,2023-07-11,M040,Mehmet,Bursa,U003,Kitap,388,1,388
5857,2023-09-28,M032,Ayşe,İzmir,U004,Giyim,124,3,372
5858,2023-08-04,M099,Canan,Antalya,U019,Elektronik,4784,2,9568
5859,2023-07-01,M030,Fatma,İzmir,U012,Kitap,276,2,552
5860,2023-08-19,M070,Fatma,İstanbul,U007,Elektronik,3314,3,9942
5861,2023-06-07,M026,Zeynep,Antalya,U010,Kitap,187,1,187
5862,2023-09-27,M026,Zeynep,Antalya,U005,Kitap,454,2,908
5863,2023-06-29,M087,Ayşe,Antalya,U012,Kitap,276,2,552
5864,2023-08-09,M037,Ahmet,İzmir,U014,Kitap,374,1,374
5865,2023-08-05,M079,Zeynep,İzmir,U010,Kitap,187,3,561
5866,2023-08-17,M080,Elif,Bursa,U017,Giyim,395,2,790
5867,2023-10-03,M022,Fatma,İstanbul,U005,Kitap,454,3,1362
5868,2023-08-19,M062,Ali,Bursa,U014,Kitap,374,2,748
5869,2023-10-26,M018,Mustafa,Bursa,U015,Kitap,278,1,278
5870,2023-08-05,M042,Mustafa,Bursa,U012,Kitap,276,3,828
5871,2023-08-05,M089,Canan,Bursa,U009,Giyim,407,3,1221
5872,2023-10-04,M098,Ayşe,Bursa,U003,Kitap,388,3,1164
5873,2023-06-11,M093,Hüseyin,Antalya,U016,Elektronik,2627,1,2627
5874,2023-08-04,M038,Fatma,İstanbul,U005,Kitap,454,3,1362
5875,2023-10-08,M012,Elif,Ankara,U012,Kitap,276,3,828
5876,2023-10-16,M039,Elif,Bursa,U005,Kitap,454,3,1362
5877,2023-10-19,M047,Hüseyin,Bursa,U014,Kitap,374,3,1122
5878,2023-07-29,M096,Ayşe,Antalya,U020,Giyim,461,3,1383
5879,2023-08-21,M047,Hüseyin,Bursa,U009,Giyim,407,1,407
5880,2023-10-02,M047,Hüseyin,Bursa,U017,Giyim,395,3,1185
5881,2023-10-11,M093,Hüseyin,Antalya,U015,Kitap,278,3,834
5882,2023-08-12,M061,Elif,İstanbul,U010,Kitap,187,3,561
5883,2023-06-22,M061,Elif,İstanbul,U009,Giyim,407,2,814
5884,2023-08-10,M032,Ayşe,İzmir,U007,Elektronik,3314,1,3314
5885,2023-10-02,M008,Mehmet,Antalya,U010,Kitap,187,2,374
5886,2023-10-16,M068,Zeynep,Ankara,U001,Elektronik,2389,3,7167
5887,2023-08-11,M032,Ayşe,İzmir,U011,Elektronik,1480,2,2960
5888,2023-07-18,M092,Zeynep,İzmir,U003,Kitap,388,3,1164
5889,2023-06-21,M043,Elif,İstanbul,U010,Kitap,187,2,374
5890,2023-08-28,M010,Ali,Bursa,U006,Kitap,125,3,375
5891,2023-09-15,M027,Ayşe,İstanbul,U019,Elektronik,4784,2,9568
5892,2023-08-30,M029,Hüseyin,Bursa,U018,Giyim,130,2,260
5893,2023-08-03,M007,Zeynep,İstanbul,U020,Giyim,461,3,1383
5894,2023-09-15,M052,Ayşe,Ankara,U002,Kitap,197,2,394
5895,2023-08-21,M008,Mehmet,Antalya,U012,Kitap,276,1,276
5896,2023-07-30,M093,Hüseyin,Antalya,U007,Elektronik,3314,3,9942
5897,2023-09-16,M088,Zeynep,Bursa,U014,Kitap,374,1,374
5898,2023-08-17,M082,Ali,Antalya,U010,Kitap,187,1,187
5899,2023-07-24,M078,Hüseyin,İstanbul,U014,Kitap,374,3,1122
5900,2023-07-28,M078,Hüseyin,İstanbul,U015,Kitap,278,3,834
5901,2023-10-27,M026,Zeynep,Antalya,U001,Elektronik,2389,1,2389
5902,2023-08-19,M060,Fatma,Antalya,U020,Giyim,461,3,1383
5903,2023-10-26,M076,Canan,Bursa,U018,Giyim,130,3,390
5904,2023-09-30,M060,Fatma,Antalya,U004,Giyim,124,3,372
5905,2023-07-27,M034,Mehmet,Ankara,U006,Kitap,125,2,250
5906,2023-08-03,M071,Ali,Bursa,U014,Kitap,374,3,1122
5907,2023-09-12,M073,Mustafa,Ankara,U015,Kitap,278,2,556
5908,2023-06-03,M062,Ali,Bursa,U001,Elektronik,2389,2,4778
5909,2023-10-19,M038,Fatma,İstanbul,U012,Kitap,276,3,828
5910,2023-10-28,M051,Ayşe,İstanbul,U016,Elektronik,2627,1,2627
5911,2023-07-06,M041,Fatma,Antalya,U020,Giyim,461,2,922
5912,2023-09-05,M061,Elif,İstanbul,U006,Kitap,125,3,375
5913,2023-06-13,M023,Elif,İzmir,U004,Giyim,124,2,248
5914,2023-10-08,M094,Ali,Antalya,U012,Kitap,276,2,552
5915,2023-08-19,M078,Hüseyin,İstanbul,U002,Kitap,197,3,591
5916,2023-10-13,M007,Zeynep,İstanbul,U012,Kitap,276,3,828
5917,2023-10-01,M036,Fatma,İstanbul,U010,Kitap,187,3,561
5918,2023-10-13,M090,Canan,İstanbul,U007,Elektronik,3314,1,3314
5919,2023-09-28,M005,Mustafa,Bursa,U015,Kitap,278,2,556
5920,2023-06-16,M077,Fatma,İstanbul,U011,Elektronik,1480,1,1480
5921,2023-09-08,M013,Canan,Bursa,U015,Kitap,278,1,278
5922,2023-07-06,M077,Fatma,İstanbul,U017,Giyim,395,2,790
5923,2023-10-19,M078,Hüseyin,İstanbul,U020,Giyim,461,3,1383
5924,2023-08-08,M071,Ali,Bursa,U018,Giyim,130,3,390
5925,2023-06-27,M025,Mehmet,Bursa,U008,Giyim,303,1,303
5926,2023-09-08,M020,Canan,İzmir,U008,Giyim,303,3,909
5927,2023-09-14,M056,Ali,Bursa,U020,Giyim,461,2,922
5928,2023-09-03,M061,Elif,İstanbul,U001,Elektronik,2389,2,4778
5929,2023-07-11,M065,Ayşe,İzmir,U007,Elektronik,3314,3,9942
5930,2023-07-19,M049,Ayşe,Bursa,U018,Giyim,130,1,130
5931,2023-09-19,M012,Elif,Ankara,U004,Giyim,124,1,124
5932,2023-10-13,M042,Mustafa,Bursa,U018,Giyim,130,2,260
5933,2023-07-05,M041,Fatma,Antalya,U016,Elektronik,2627,1,2627
5934,2023-10-03,M067,Canan,Bursa,U018,Giyim,130,1,130
5935,2023-10-11,M019,Elif,İstanbul,U005,Kitap,454,3,1362
5936,2023-09-09,M046,Canan,İzmir,U002,Kitap,197,1,197
5937,2023-07-19,M091,Ali,İstanbul,U004,Giyim,124,3,372
5938,2023-07-01,M053,Canan,Bursa,U007,Elektronik,3314,2,6628
5939,2023-10-14,M068,Zeynep,Ankara,U006,Kitap,125,2,250
5940,2023-08-08,M053,Canan,Bursa,U018,Giyim,130,1,130
5941,2023-07-02,M036,Fatma,İstanbul,U020,Giyim,461,1,461
5942,2023-06-16,M005,Mustafa,Bursa,U019,Elektronik,4784,1,4784
5943,2023-06-16,M058,Mehmet,Ankara,U010,Kitap,187,2,374
5944,2023-08-24,M073,Mustafa,Ankara,U009,Giyim,407,2,814
5945,2023-09-23,M093,Hüseyin,Antalya,U002,Kitap,197,1,197
5946,2023-10-11,M077,Fatma,İstanbul,U001,Elektronik,2389,2,4778
5947,2023-10-12,M036,Fatma,İstanbul,U019,Elektronik,4784,3,14352
5948,2023-09-24,M042,Mustafa,Bursa,U012,Kitap,276,3,828
5949,2023-09-05,M050,Ahmet,Bursa,U014,Kitap,374,2,748
5950,2023-07-15,M047,Hüseyin,Bursa,U016,Elektronik,2627,3,7881
5951,2023-06-23,M029,Hüseyin,Bursa,U014,Kitap,374,3,1122
5952,2023-07-25,M092,Zeynep,İzmir,U014,Kitap,374,2,748
5953,2023-09-05,M008,Mehmet,Antalya,U002,Kitap,197,3,591
5954,2023-06-01,M074,Canan,İzmir,U001,Elektronik,2389,2,4778
5955,2023-08-03,M004,Ali,Ankara,U007,Elektronik,3314,1,3314
5956,2023-10-10,M003,Fatma,Bursa,U003,Kitap,388,3,1164
5957,2023-09-16,M061,Elif,İstanbul,U015,Kitap,278,2,556
5958,2023-10-04,M038,Fatma,İstanbul,U008,Giyim,303,1,303
5959,2023-06-19,M062,Ali,Bursa,U009,Giyim,407,1,407
5960,2023-09-16,M008,Mehmet,Antalya,U004,Giyim,124,3,372
5961,2023-10-10,M043,Elif,İstanbul,U019,Elektronik,4784,2,9568
5962,2023-08-27,M094,Ali,Antalya,U014,Kitap,374,2,748
5963,2023-10-24,M034,Mehmet,Ankara,U007,Elektronik,3314,1,3314
5964,2023-10-01,M076,Canan,Bursa,U011,Elektronik,1480,3,4440
5965,2023-10-02,M017,Fatma,İzmir,U016,Elektronik,2627,2,5254
5966,2023-09-20,M002,Elif,Antalya,U020,Giyim,461,2,922
5967,2023-09-03,M100,Canan,İstanbul,U001,Elektronik,2389,2,4778
5968,2023-10-09,M033,Ali,Ankara,U011,Elektronik,1480,2,2960
5969,2023-08-28,M033,Ali,Ankara,U018,Giyim,130,2,260
5970,2023-09-18,M056,Ali,Bursa,U001,Elektronik,2389,3,7167
5971,2023-07-21,M040,Mehmet,Bursa,U003,Kitap,388,2,776
5972,2023-08-02,M096,Ayşe,Antalya,U018,Giyim,130,1,130
5973,2023-06-21,M063,Ali,İstanbul,U020,Giyim,461,2,922
5974,2023-06-12,M013,Canan,Bursa,U015,Kitap,278,1,278
5975,2023-07-01,M100,Canan,İstanbul,U010,Kitap,187,3,561
5976,2023-08-29,M001,Canan,İstanbul,U005,Kitap,454,3,1362
5977,2023-06-11,M039,Elif,Bursa,U016,Elektronik,2627,1,2627
5978,2023-10-22,M074,Canan,İzmir,U014,Kitap,374,2,748
5979,2023-07-10,M081,Fatma,İzmir,U003,Kitap,388,2,776
5980,2023-10-01,M077,Fatma,İstanbul,U020,Giyim,461,1,461
5981,2023-06-28,M046,Canan,İzmir,U009,Giyim,407,3,1221
5982,2023-08-11,M078,Hüseyin,İstanbul,U006,Kitap,125,2,250
5983,2023-07-19,M089,Canan,Bursa,U008,Giyim,303,3,909
5984,2023-08-02,M063,Ali,İstanbul,U004,Giyim,124,3,372
5985,2023-10-23,M090,Canan,İstanbul,U004,Giyim,124,3,372
5986,2023-07-15,M085,Ali,Bursa,U010,Kitap,187,2,374
5987,2023-08-28,M029,Hüseyin,Bursa,U007,Elektronik,3314,3,9942
5988,2023-09-21,M068,Zeynep,Ankara,U002,Kitap,197,1,197
5989,2023-10-03,M047,Hüseyin,Bursa,U014,Kitap,374,3,1122
5990,2023-09-27,M060,Fatma,Antalya,U005,Kitap,454,1,454
5991,2023-10-18,M066,Elif,Ankara,U009,Giyim,407,2,814
5992,2023-08-20,M079,Zeynep,İzmir,U010,Kitap,187,3,561
5993,2023-07-20,M029,Hüseyin,Bursa,U011,Elektronik,1480,1,1480
5994,2023-07-03,M054,Mehmet,Bursa,U013,Elektronik,1127,2,2254
5995,2023-07-01,M021,Mehmet,Ankara,U007,Elektronik,3314,3,9942
5996,2023-06-28,M045,Mehmet,Bursa,U019,Elektronik,4784,3,14352
5997,2023-09-26,M048,Mehmet,Antalya,U009,Giyim,407,1,407
5998,2023-06-22,M028,Mehmet,Ankara,U005,Kitap,454,1,454
5999,2023-10-03,M017,Fatma,İzmir,U011,Elektronik,1480,2,2960
6000,2023-08-11,M030,Fatma,İzmir,U018,Giyim,130,2,260
6001,2023-08-29,M063,Ali,İstanbul,U016,Elektronik,2627,2,5254
6002,2023-09-29,M050,Ahmet,Bursa,U008,Giyim,303,3,909
6003,2023-07-25,M085,Ali,Bursa,U005,Kitap,454,2,908
6004,2023-06-14,M056,Ali,Bursa,U009,Giyim,407,3,1221
6005,2023-06-20,M099,Canan,Antalya,U010,Kitap,187,2,374
6006,2023-06-29,M085,Ali,Bursa,U018,Giyim,130,1,130
6007,2023-08-23,M005,Mustafa,Bursa,U005,Kitap,454,3,1362
6008,2023-07-02,M010,Ali,Bursa,U002,Kitap,197,2,394
6009,2023-08-02,M097,Fatma,Antalya,U014,Kitap,374,3,1122
6010,2023-08-06,M020,Canan,İzmir,U020,Giyim,461,2,922
6011,2023-07-19,M051,Ayşe,İstanbul,U011,Elektronik,1480,3,4440
6012,2023-07-26,M002,Elif,Antalya,U001,Elektronik,2389,2,4778
6013,2023-09-17,M095,Fatma,Ankara,U010,Kitap,187,2,374
6014,2023-09-02,M047,Hüseyin,Bursa,U001,Elektronik,2389,3,7167
6015,2023-09-26,M050,Ahmet,Bursa,U003,Kitap,388,2,776
6016,2023-09-08,M047,Hüseyin,Bursa,U012,Kitap,276,1,276
6017,2023-07-14,M051,Ayşe,İstanbul,U020,Giyim,461,1,461
6018,2023-08-08,M006,Ayşe,Ankara,U016,Elektronik,2627,3,7881
6019,2023-09-08,M088,Zeynep,Bursa,U007,Elektronik,3314,1,3314
6020,2023-10-01,M074,Canan,İzmir,U016,Elektronik,2627,1,2627
6021,2023-09-27,M092,Zeynep,İzmir,U009,Giyim,407,3,1221
6022,2023-10-25,M053,Canan,Bursa,U008,Giyim,303,2,606
6023,2023-06-19,M095,Fatma,Ankara,U020,Giyim,461,2,922
6024,2023-08-05,M079,Zeynep,İzmir,U010,Kitap,187,2,374
6025,2023-06-20,M063,Ali,İstanbul,U013,Elektronik,1127,1,1127
6026,2023-10-14,M069,Canan,Ankara,U012,Kitap,276,2,552
6027,2023-08-16,M021,Mehmet,Ankara,U017,Giyim,395,2,790
6028,2023-08-07,M076,Canan,Bursa,U019,Elektronik,4784,3,14352
6029,2023-10-29,M057,Zeynep,Antalya,U020,Giyim,461,3,1383
6030,2023-09-27,M035,Zeynep,İzmir,U003,Kitap,388,3,1164
6031,2023-10-13,M079,Zeynep,İzmir,U009,Giyim,407,3,1221
6032,2023-07-24,M100,Canan,İstanbul,U016,Elektronik,2627,1,2627
6033,2023-06-28,M084,Elif,İzmir,U020,Giyim,461,3,1383
6034,2023-07-30,M100,Canan,İstanbul,U002,Kitap,197,2,394
6035,2023-06-26,M039,Elif,Bursa,U017,Giyim,395,2,790
6036,2023-06-11,M090,Canan,İstanbul,U014,Kitap,374,3,1122
6037,2023-10-07,M029,Hüseyin,Bursa,U004,Giyim,124,2,248
6038,2023-06-26,M083,Mustafa,İzmir,U007,Elektronik,3314,1,3314
6039,2023-06-12,M068,Zeynep,Ankara,U010,Kitap,187,1,187
6040,2023-08-03,M090,Canan,İstanbul,U018,Giyim,130,2,260
6041,2023-09-15,M055,Mustafa,Bursa,U015,Kitap,278,1,278
6042,2023-08-18,M052,Ayşe,Ankara,U018,Giyim,130,3,390
6043,2023-10-23,M027,Ayşe,İstanbul,U008,Giyim,303,1,303
6044,2023-08-29,M081,Fatma,İzmir,U010,Kitap,187,3,561
6045,2023-10-18,M065,Ayşe,İzmir,U009,Giyim,407,3,1221
6046,2023-09-27,M032,Ayşe,İzmir,U010,Kitap,187,2,374
6047,2023-06-03,M025,Mehmet,Bursa,U003,Kitap,388,2,776
6048,2023-07-15,M080,Elif,Bursa,U006,Kitap,125,1,125
6049,2023-09-22,M024,Ayşe,Antalya,U016,Elektronik,2627,2,5254
6050,2023-09-24,M062,Ali,Bursa,U001,Elektronik,2389,2,4778
6051,2023-09-09,M032,Ayşe,İzmir,U008,Giyim,303,2,606
6052,2023-07-18,M094,Ali,Antalya,U007,Elektronik,3314,1,3314
6053,2023-08-21,M013,Canan,Bursa,U008,Giyim,303,1,303
6054,2023-10-28,M071,Ali,Bursa,U008,Giyim,303,2,606
6055,2023-07-15,M065,Ayşe,İzmir,U011,Elektronik,1480,2,2960
6056,2023-07-07,M048,Mehmet,Antalya,U008,Giyim,303,3,909
6057,2023-09-19,M039,Elif,Bursa,U015,Kitap,278,1,278
6058,2023-06-02,M039,Elif,Bursa,U015,Kitap,278,3,834
6059,2023-09-15,M035,Zeynep,İzmir,U005,Kitap,454,3,1362
6060,2023-07-08,M069,Canan,Ankara,U009,Giyim,407,2,814
6061,2023-06-21,M085,Ali,Bursa,U011,Elektronik,1480,3,4440
6062,2023-06-10,M060,Fatma,Antalya,U012,Kitap,276,3,828
6063,2023-09-05,M029,Hüseyin,Bursa,U001,Elektronik,2389,2,4778
6064,2023-07-07,M054,Mehmet,Bursa,U006,Kitap,125,3,375
6065,2023-06-15,M084,Elif,İzmir,U012,Kitap,276,1,276
6066,2023-08-05,M065,Ayşe,İzmir,U012,Kitap,276,2,552
6067,2023-08-06,M074,Canan,İzmir,U014,Kitap,374,1,374
6068,2023-06-01,M025,Mehmet,Bursa,U006,Kitap,125,2,250
6069,2023-08-31,M034,Mehmet,Ankara,U018,Giyim,130,2,260
6070,2023-10-02,M002,Elif,Antalya,U016,Elektronik,2627,1,2627
6071,2023-06-06,M077,Fatma,İstanbul,U004,Giyim,124,3,372
6072,2023-06-17,M006,Ayşe,Ankara,U019,Elektronik,4784,1,4784
6073,2023-08-28,M063,Ali,İstanbul,U017,Giyim,395,1,395
6074,2023-07-25,M093,Hüseyin,Antalya,U019,Elektronik,4784,1,4784
6075,2023-09-17,M001,Canan,İstanbul,U007,Elektronik,3314,1,3314
6076,2023-08-14,M055,Mustafa,Bursa,U019,Elektronik,4784,1,4784
6077,2023-07-06,M055,Mustafa,Bursa,U008,Giyim,303,2,606
6078,2023-08-20,M001,Canan,İstanbul,U016,Elektronik,2627,3,7881
6079,2023-06-27,M028,Mehmet,Ankara,U004,Giyim,124,1,124
6080,2023-08-10,M008,Mehmet,Antalya,U009,Giyim,407,2,814
6081,2023-06-10,M055,Mustafa,Bursa,U001,Elektronik,2389,1,2389
6082,2023-09-16,M071,Ali,Bursa,U011,Elektronik,1480,1,1480
6083,2023-08-15,M063,Ali,İstanbul,U001,Elektronik,2389,1,2389
6084,2023-10-07,M020,Canan,İzmir,U017,Giyim,395,3,1185
6085,2023-07-08,M019,Elif,İstanbul,U009,Giyim,407,1,407
6086,2023-07-02,M059,Canan,İstanbul,U004,Giyim,124,2,248
6087,2023-07-07,M011,Ali,İzmir,U008,Giyim,303,2,606
6088,2023-07-17,M095,Fatma,Ankara,U015,Kitap,278,3,834
6089,2023-10-07,M089,Canan,Bursa,U016,Elektronik,2627,1,2627
6090,2023-08-12,M062,Ali,Bursa,U002,Kitap,197,1,197
6091,2023-06-22,M037,Ahmet,İzmir,U017,Giyim,395,1,395
6092,2023-10-12,M094,Ali,Antalya,U007,Elektronik,3314,3,9942
6093,2023-06-03,M065,Ayşe,İzmir,U016,Elektronik,2627,1,2627
6094,2023-08-18,M046,Canan,İzmir,U002,Kitap,197,1,197
6095,2023-06-25,M019,Elif,İstanbul,U002,Kitap,197,1,197
6096,2023-08-03,M014,Canan,İstanbul,U017,Giyim,395,3,1185
6097,2023-08-06,M030,Fatma,İzmir,U009,Giyim,407,1,407
6098,2023-06-27,M059,Canan,İstanbul,U005,Kitap,454,2,908
6099,2023-07-16,M016,Mustafa,İzmir,U016,Elektronik,2627,2,5254
6100,2023-06-07,M097,Fatma,Antalya,U019,Elektronik,4784,2,9568
6101,2023-10-22,M055,Mustafa,Bursa,U005,Kitap,454,3,1362
6102,2023-08-26,M093,Hüseyin,Antalya,U016,Elektronik,2627,3,7881
6103,2023-10-26,M081,Fatma,İzmir,U018,Giyim,130,3,390
6104,2023-07-16,M095,Fatma,Ankara,U008,Giyim,303,2,606
6105,2023-06-19,M083,Mustafa,İzmir,U019,Elektronik,4784,2,9568
6106,2023-10-20,M004,Ali,Ankara,U010,Kitap,187,3,561
6107,2023-07-20,M048,Mehmet,Antalya,U010,Kitap,187,1,187
6108,2023-09-21,M036,Fatma,İstanbul,U011,Elektronik,1480,3,4440
6109,2023-08-13,M001,Canan,İstanbul,U004,Giyim,124,1,124
6110,2023-07-09,M094,Ali,Antalya,U004,Giyim,124,2,248
6111,2023-09-02,M007,Zeynep,İstanbul,U001,Elektronik,2389,2,4778
6112,2023-09-11,M003,Fatma,Bursa,U003,Kitap,388,2,776
6113,2023-08-01,M069,Canan,Ankara,U013,Elektronik,1127,3,3381
6114,2023-10-10,M053,Canan,Bursa,U008,Giyim,303,1,303
6115,2023-09-21,M002,Elif,Antalya,U019,Elektronik,4784,2,9568
6116,2023-08-28,M086,Elif,Antalya,U001,Elektronik,2389,1,2389
6117,2023-07-26,M037,Ahmet,İzmir,U013,Elektronik,1127,1,1127
6118,2023-06-21,M054,Mehmet,Bursa,U006,Kitap,125,1,125
6119,2023-06-20,M025,Mehmet,Bursa,U020,Giyim,461,1,461
6120,2023-08-08,M097,Fatma,Antalya,U004,Giyim,124,1,124
6121,2023-09-13,M080,Elif,Bursa,U012,Kitap,276,1,276
6122,2023-09-07,M062,Ali,Bursa,U011,Elektronik,1480,3,4440
6123,2023-08-24,M046,Canan,İzmir,U008,Giyim,303,1,303
6124,2023-06-14,M050,Ahmet,Bursa,U019,Elektronik,4784,3,14352
6125,2023-09-08,M031,Canan,Antalya,U017,Giyim,395,3,1185
6126,2023-09-16,M092,Zeynep,İzmir,U005,Kitap,454,1,454
6127,2023-09-30,M078,Hüseyin,İstanbul,U002,Kitap,197,1,197
6128,2023-09-20,M035,Zeynep,İzmir,U012,Kitap,276,1,276
6129,2023-06-11,M005,Mustafa,Bursa,U009,Giyim,407,3,1221
6130,2023-08-11,M024,Ayşe,Antalya,U001,Elektronik,2389,3,7167
6131,2023-10-12,M041,Fatma,Antalya,U019,Elektronik,4784,2,9568
6132,2023-08-19,M041,Fatma,Antalya,U014,Kitap,374,1,374
6133,2023-06-29,M052,Ayşe,Ankara,U011,Elektronik,1480,2,2960
6134,2023-07-28,M062,Ali,Bursa,U006,Kitap,125,3,375
6135,2023-09-28,M047,Hüseyin,Bursa,U015,Kitap,278,1,278
6136,2023-10-24,M097,Fatma,Antalya,U004,Giyim,124,1,124
6137,2023-08-02,M007,Zeynep,İstanbul,U011,Elektronik,1480,2,2960
6138,2023-08-23,M006,Ayşe,Ankara,U006,Kitap,125,3,375
6139,2023-10-18,M087,Ayşe,Antalya,U016,Elektronik,2627,3,7881
6140,2023-09-23,M035,Zeynep,İzmir,U002,Kitap,197,2,394
6141,2023-08-04,M058,Mehmet,Ankara,U001,Elektronik,2389,2,4778
6142,2023-08-13,M072,Mustafa,Bursa,U019,Elektronik,4784,1,4784
6143,2023-09-24,M063,Ali,İstanbul,U009,Giyim,407,2,814
6144,2023-10-05,M038,Fatma,İstanbul,U014,Kitap,374,2,748
6145,2023-07-14,M060,Fatma,Antalya,U018,Giyim,130,2,260
6146,2023-10-08,M092,Zeynep,İzmir,U012,Kitap,276,3,828
6147,2023-07-23,M022,Fatma,İstanbul,U005,Kitap,454,2,908
6148,2023-06-26,M070,Fatma,İstanbul,U018,Giyim,130,3,390
6149,2023-08-06,M004,Ali,Ankara,U019,Elektronik,4784,2,9568
6150,2023-09-09,M042,Mustafa,Bursa,U012,Kitap,276,3,828
6151,2023-08-15,M018,Mustafa,Bursa,U017,Giyim,395,2,790
6152,2023-08-13,M064,Canan,Antalya,U010,Kitap,187,2,374
6153,2023-10-04,M017,Fatma,İzmir,U008,Giyim,303,1,303
6154,2023-08-14,M009,Hüseyin,Bursa,U016,Elektronik,2627,2,5254
6155,2023-10-18,M028,Mehmet,Ankara,U017,Giyim,395,3,1185
6156,2023-07-17,M091,Ali,İstanbul,U009,Giyim,407,2,814
6157,2023-09-10,M070,Fatma,İstanbul,U008,Giyim,303,3,909
6158,2023-07-20,M068,Zeynep,Ankara,U015,Kitap,278,2,556
6159,2023-08-13,M020,Canan,İzmir,U010,Kitap,187,2,374
6160,2023-07-18,M081,Fatma,İzmir,U005,Kitap,454,2,908
6161,2023-10-21,M049,Ayşe,Bursa,U011,Elektronik,1480,2,2960
6162,2023-10-10,M071,Ali,Bursa,U018,Giyim,130,3,390
6163,2023-09-10,M056,Ali,Bursa,U011,Elektronik,1480,2,2960
6164,2023-08-24,M043,Elif,İstanbul,U012,Kitap,276,3,828
6165,2023-10-11,M028,Mehmet,Ankara,U009,Giyim,407,3,1221
6166,2023-08-15,M045,Mehmet,Bursa,U011,Elektronik,1480,2,2960
6167,2023-09-27,M015,Mehmet,Ankara,U013,Elektronik,1127,2,2254
6168,2023-08-08,M051,Ayşe,İstanbul,U011,Elektronik,1480,1,1480
6169,2023-06-26,M044,Elif,Bursa,U012,Kitap,276,1,276
6170,2023-06-25,M015,Mehmet,Ankara,U012,Kitap,276,1,276
6171,2023-10-15,M059,Canan,İstanbul,U010,Kitap,187,2,374
6172,2023-09-05,M027,Ayşe,İstanbul,U008,Giyim,303,2,606
6173,2023-09-01,M038,Fatma,İstanbul,U010,Kitap,187,2,374
6174,2023-08-04,M028,Mehmet,Ankara,U011,Elektronik,1480,2,2960
6175,2023-09-27,M004,Ali,Ankara,U019,Elektronik,4784,3,14352
6176,2023-08-30,M007,Zeynep,İstanbul,U006,Kitap,125,1,125
6177,2023-09-03,M088,Zeynep,Bursa,U017,Giyim,395,3,1185
6178,2023-06-13,M061,Elif,İstanbul,U020,Giyim,461,1,461
6179,2023-08-01,M049,Ayşe,Bursa,U019,Elektronik,4784,1,4784
6180,2023-10-25,M064,Canan,Antalya,U012,Kitap,276,3,828
6181,2023-06-08,M029,Hüseyin,Bursa,U020,Giyim,461,3,1383
6182,2023-07-18,M079,Zeynep,İzmir,U004,Giyim,124,1,124
6183,2023-09-09,M009,Hüseyin,Bursa,U012,Kitap,276,2,552
6184,2023-08-12,M002,Elif,Antalya,U016,Elektronik,2627,3,7881
6185,2023-07-03,M078,Hüseyin,İstanbul,U009,Giyim,407,2,814
6186,2023-08-26,M029,Hüseyin,Bursa,U001,Elektronik,2389,1,2389
6187,2023-09-12,M044,Elif,Bursa,U006,Kitap,125,1,125
6188,2023-10-10,M020,Canan,İzmir,U002,Kitap,197,1,197
6189,2023-06-12,M048,Mehmet,Antalya,U006,Kitap,125,1,125
6190,2023-07-20,M048,Mehmet,Antalya,U009,Giyim,407,2,814
6191,2023-09-23,M011,Ali,İzmir,U007,Elektronik,3314,3,9942
6192,2023-09-27,M093,Hüseyin,Antalya,U017,Giyim,395,2,790
6193,2023-09-07,M035,Zeynep,İzmir,U001,Elektronik,2389,1,2389
6194,2023-07-02,M035,Zeynep,İzmir,U008,Giyim,303,2,606
6195,2023-07-25,M048,Mehmet,Antalya,U013,Elektronik,1127,2,2254
6196,2023-09-12,M098,Ayşe,Bursa,U004,Giyim,124,3,372
6197,2023-07-12,M066,Elif,Ankara,U009,Giyim,407,3,1221
6198,2023-06-14,M078,Hüseyin,İstanbul,U013,Elektronik,1127,1,1127
6199,2023-06-19,M030,Fatma,İzmir,U014,Kitap,374,3,1122
6200,2023-07-15,M080,Elif,Bursa,U010,Kitap,187,1,187
6201,2023-09-07,M032,Ayşe,İzmir,U011,Elektronik,1480,2,2960
6202,2023-09-12,M002,Elif,Antalya,U003,Kitap,388,3,1164
6203,2023-09-07,M033,Ali,Ankara,U007,Elektronik,3314,1,3314
6204,2023-10-02,M050,Ahmet,Bursa,U013,Elektronik,1127,3,3381
6205,2023-10-12,M076,Canan,Bursa,U006,Kitap,125,3,375
6206,2023-07-23,M086,Elif,Antalya,U006,Kitap,125,1,125
6207,2023-07-18,M092,Zeynep,İzmir,U006,Kitap,125,3,375
6208,2023-07-11,M088,Zeynep,Bursa,U005,Kitap,454,1,454
6209,2023-10-27,M034,Mehmet,Ankara,U004,Giyim,124,1,124
6210,2023-08-07,M043,Elif,İstanbul,U019,Elektronik,4784,3,14352
6211,2023-08-18,M035,Zeynep,İzmir,U002,Kitap,197,2,394
6212,2023-10-25,M034,Mehmet,Ankara,U012,Kitap,276,1,276
6213,2023-08-19,M092,Zeynep,İzmir,U016,Elektronik,2627,1,2627
6214,2023-10-11,M002,Elif,Antalya,U009,Giyim,407,2,814
6215,2023-10-16,M023,Elif,İzmir,U018,Giyim,130,1,130
6216,2023-08-09,M018,Mustafa,Bursa,U020,Giyim,461,3,1383
6217,2023-10-12,M015,Mehmet,Ankara,U016,Elektronik,2627,1,2627
6218,2023-10-10,M026,Zeynep,Antalya,U011,Elektronik,1480,3,4440
6219,2023-10-26,M008,Mehmet,Antalya,U020,Giyim,461,3,1383
6220,2023-07-22,M041,Fatma,Antalya,U016,Elektronik,2627,2,5254
6221,2023-07-21,M031,Canan,Antalya,U009,Giyim,407,1,407
6222,2023-07-27,M031,Canan,Antalya,U002,Kitap,197,2,394
6223,2023-07-17,M016,Mustafa,İzmir,U019,Elektronik,4784,1,4784
6224,2023-07-21,M047,Hüseyin,Bursa,U017,Giyim,395,1,395
6225,2023-07-24,M008,Mehmet,Antalya,U012,Kitap,276,1,276
6226,2023-09-30,M074,Canan,İzmir,U008,Giyim,303,2,606
6227,2023-09-30,M029,Hüseyin,Bursa,U012,Kitap,276,2,552
6228,2023-09-24,M059,Canan,İstanbul,U018,Giyim,130,2,260
6229,2023-08-10,M055,Mustafa,Bursa,U010,Kitap,187,1,187
6230,2023-10-21,M006,Ayşe,Ankara,U005,Kitap,454,3,1362
6231,2023-09-27,M042,Mustafa,Bursa,U004,Giyim,124,2,248
6232,2023-08-05,M026,Zeynep,Antalya,U015,Kitap,278,3,834
6233,2023-09-07,M030,Fatma,İzmir,U001,Elektronik,2389,2,4778
6234,2023-06-29,M073,Mustafa,Ankara,U017,Giyim,395,1,395
6235,2023-07-06,M080,Elif,Bursa,U006,Kitap,125,3,375
6236,2023-06-24,M032,Ayşe,İzmir,U003,Kitap,388,3,1164
6237,2023-08-14,M003,Fatma,Bursa,U015,Kitap,278,1,278
6238,2023-07-01,M078,Hüseyin,İstanbul,U003,Kitap,388,3,1164
6239,2023-10-27,M074,Canan,İzmir,U010,Kitap,187,3,561
6240,2023-09-03,M083,Mustafa,İzmir,U004,Giyim,124,2,248
6241,2023-09-08,M074,Canan,İzmir,U012,Kitap,276,1,276
6242,2023-10-04,M098,Ayşe,Bursa,U010,Kitap,187,2,374
6243,2023-10-26,M024,Ayşe,Antalya,U004,Giyim,124,2,248
6244,2023-07-16,M007,Zeynep,İstanbul,U003,Kitap,388,3,1164
6245,2023-09-20,M090,Canan,İstanbul,U014,Kitap,374,1,374
6246,2023-10-12,M030,Fatma,İzmir,U009,Giyim,407,3,1221
6247,2023-10-01,M008,Mehmet,Antalya,U010,Kitap,187,3,561
6248,2023-09-09,M061,Elif,İstanbul,U005,Kitap,454,1,454
6249,2023-08-18,M088,Zeynep,Bursa,U011,Elektronik,1480,2,2960
6250,2023-08-31,M004,Ali,Ankara,U017,Giyim,395,2,790
6251,2023-10-07,M060,Fatma,Antalya,U005,Kitap,454,3,1362
6252,2023-10-26,M089,Canan,Bursa,U005,Kitap,454,2,908
6253,2023-09-04,M040,Mehmet,Bursa,U008,Giyim,303,2,606
6254,2023-06-06,M064,Canan,Antalya,U016,Elektronik,2627,2,5254
6255,2023-09-13,M028,Mehmet,Ankara,U017,Giyim,395,1,395
6256,2023-06-27,M060,Fatma,Antalya,U007,Elektronik,3314,3,9942
6257,2023-09-25,M061,Elif,İstanbul,U012,Kitap,276,3,828
6258,2023-06-13,M093,Hüseyin,Antalya,U018,Giyim,130,3,390
6259,2023-09-14,M034,Mehmet,Ankara,U008,Giyim,303,2,606
6260,2023-07-26,M063,Ali,İstanbul,U002,Kitap,197,1,197
6261,2023-07-27,M026,Zeynep,Antalya,U007,Elektronik,3314,2,6628
6262,2023-09-05,M076,Canan,Bursa,U001,Elektronik,2389,3,7167
6263,2023-07-15,M082,Ali,Antalya,U007,Elektronik,3314,2,6628
6264,2023-08-10,M059,Canan,İstanbul,U005,Kitap,454,3,1362
6265,2023-09-09,M049,Ayşe,Bursa,U015,Kitap,278,3,834
6266,2023-09-17,M085,Ali,Bursa,U018,Giyim,130,3,390
6267,2023-07-28,M026,Zeynep,Antalya,U014,Kitap,374,1,374
6268,2023-09-24,M086,Elif,Antalya,U001,Elektronik,2389,2,4778
6269,2023-07-16,M016,Mustafa,İzmir,U002,Kitap,197,2,394
6270,2023-09-09,M021,Mehmet,Ankara,U003,Kitap,388,2,776
6271,2023-10-22,M076,Canan,Bursa,U018,Giyim,130,2,260
6272,2023-10-22,M071,Ali,Bursa,U005,Kitap,454,1,454
6273,2023-08-10,M076,Canan,Bursa,U007,Elektronik,3314,3,9942
6274,2023-06-12,M003,Fatma,Bursa,U010,Kitap,187,1,187
6275,2023-06-21,M065,Ayşe,İzmir,U013,Elektronik,1127,2,2254
6276,2023-09-07,M078,Hüseyin,İstanbul,U017,Giyim,395,1,395
6277,2023-06-01,M047,Hüseyin,Bursa,U014,Kitap,374,3,1122
6278,2023-07-07,M004,Ali,Ankara,U008,Giyim,303,3,909
6279,2023-07-20,M087,Ayşe,Antalya,U013,Elektronik,1127,2,2254
6280,2023-07-15,M068,Zeynep,Ankara,U019,Elektronik,4784,1,4784
6281,2023-09-30,M042,Mustafa,Bursa,U018,Giyim,130,2,260
6282,2023-09-29,M100,Canan,İstanbul,U002,Kitap,197,3,591
6283,2023-06-26,M024,Ayşe,Antalya,U013,Elektronik,1127,1,1127
6284,2023-10-21,M019,Elif,İstanbul,U005,Kitap,454,2,908
6285,2023-08-14,M043,Elif,İstanbul,U011,Elektronik,1480,3,4440
6286,2023-09-28,M004,Ali,Ankara,U020,Giyim,461,2,922
6287,2023-09-03,M007,Zeynep,İstanbul,U017,Giyim,395,1,395
6288,2023-06-11,M014,Canan,İstanbul,U001,Elektronik,2389,2,4778
6289,2023-10-11,M088,Zeynep,Bursa,U014,Kitap,374,1,374
6290,2023-10-17,M075,Ahmet,Ankara,U015,Kitap,278,3,834
6291,2023-08-16,M001,Canan,İstanbul,U010,Kitap,187,2,374
6292,2023-07-05,M068,Zeynep,Ankara,U001,Elektronik,2389,2,4778
6293,2023-06-02,M024,Ayşe,Antalya,U016,Elektronik,2627,2,5254
6294,2023-10-19,M019,Elif,İstanbul,U012,Kitap,276,1,276
6295,2023-06-14,M014,Canan,İstanbul,U010,Kitap,187,1,187
6296,2023-07-15,M034,Mehmet,Ankara,U019,Elektronik,4784,3,14352
6297,2023-07-17,M073,Mustafa,Ankara,U009,Giyim,407,1,407
6298,2023-08-04,M050,Ahmet,Bursa,U001,Elektronik,2389,1,2389
6299,2023-10-10,M089,Canan,Bursa,U009,Giyim,407,3,1221
6300,2023-09-23,M036,Fatma,İstanbul,U018,Giyim,130,3,390
6301,2023-10-26,M002,Elif,Antalya,U009,Giyim,407,2,814
6302,2023-08-11,M009,Hüseyin,Bursa,U019,Elektronik,4784,3,14352
6303,2023-07-17,M067,Canan,Bursa,U005,Kitap,454,2,908
6304,2023-10-03,M037,Ahmet,İzmir,U010,Kitap,187,1,187
6305,2023-08-03,M011,Ali,İzmir,U004,Giyim,124,3,372
6306,2023-09-02,M069,Canan,Ankara,U014,Kitap,374,1,374
6307,2023-09-01,M021,Mehmet,Ankara,U016,Elektronik,2627,2,5254
6308,2023-07-22,M090,Canan,İstanbul,U001,Elektronik,2389,3,7167
6309,2023-06-23,M070,Fatma,İstanbul,U011,Elektronik,1480,2,2960
6310,2023-09-02,M092,Zeynep,İzmir,U002,Kitap,197,3,591
6311,2023-09-26,M029,Hüseyin,Bursa,U016,Elektronik,2627,2,5254
6312,2023-06-30,M088,Zeynep,Bursa,U018,Giyim,130,1,130
6313,2023-08-21,M016,Mustafa,İzmir,U014,Kitap,374,3,1122
6314,2023-08-26,M008,Mehmet,Antalya,U007,Elektronik,3314,1,3314
6315,2023-08-02,M014,Canan,İstanbul,U019,Elektronik,4784,1,4784
6316,2023-08-25,M089,Canan,Bursa,U017,Giyim,395,1,395
6317,2023-07-08,M049,Ayşe,Bursa,U012,Kitap,276,3,828
6318,2023-10-11,M052,Ayşe,Ankara,U002,Kitap,197,3,591
6319,2023-08-16,M015,Mehmet,Ankara,U017,Giyim,395,1,395
6320,2023-10-16,M055,Mustafa,Bursa,U010,Kitap,187,3,561
6321,2023-09-20,M097,Fatma,Antalya,U019,Elektronik,4784,2,9568
6322,2023-06-29,M044,Elif,Bursa,U002,Kitap,197,1,197
6323,2023-10-06,M092,Zeynep,İzmir,U001,Elektronik,2389,1,2389
6324,2023-08-09,M045,Mehmet,Bursa,U009,Giyim,407,1,407
6325,2023-08-17,M039,Elif,Bursa,U004,Giyim,124,1,124
6326,2023-10-15,M092,Zeynep,İzmir,U003,Kitap,388,2,776
6327,2023-09-09,M072,Mustafa,Bursa,U020,Giyim,461,3,1383
6328,2023-07-12,M022,Fatma,İstanbul,U005,Kitap,454,1,454
6329,2023-07-26,M034,Mehmet,Ankara,U017,Giyim,395,3,1185
6330,2023-08-14,M083,Mustafa,İzmir,U003,Kitap,388,2,776
6331,2023-09-30,M086,Elif,Antalya,U002,Kitap,197,3,591
6332,2023-06-10,M036,Fatma,İstanbul,U001,Elektronik,2389,2,4778
6333,2023-09-25,M100,Canan,İstanbul,U015,Kitap,278,3,834
6334,2023-09-11,M080,Elif,Bursa,U009,Giyim,407,1,407
6335,2023-08-26,M046,Canan,İzmir,U005,Kitap,454,1,454
6336,2023-06-09,M068,Zeynep,Ankara,U011,Elektronik,1480,2,2960
6337,2023-10-14,M061,Elif,İstanbul,U006,Kitap,125,1,125
6338,2023-08-29,M050,Ahmet,Bursa,U008,Giyim,303,1,303
6339,2023-08-03,M056,Ali,Bursa,U010,Kitap,187,1,187
6340,2023-06-13,M028,Mehmet,Ankara,U019,Elektronik,4784,1,4784
6341,2023-07-14,M057,Zeynep,Antalya,U003,Kitap,388,2,776
6342,2023-09-19,M077,Fatma,İstanbul,U004,Giyim,124,1,124
6343,2023-10-24,M016,Mustafa,İzmir,U015,Kitap,278,3,834
6344,2023-10-08,M095,Fatma,Ankara,U002,Kitap,197,2,394
6345,2023-09-14,M031,Canan,Antalya,U020,Giyim,461,3,1383
6346,2023-08-09,M008,Mehmet,Antalya,U005,Kitap,454,2,908
6347,2023-07-24,M007,Zeynep,İstanbul,U014,Kitap,374,2,748
6348,2023-07-04,M095,Fatma,Ankara,U017,Giyim,395,1,395
6349,2023-09-16,M050,Ahmet,Bursa,U010,Kitap,187,3,561
6350,2023-08-18,M031,Canan,Antalya,U005,Kitap,454,2,908
6351,2023-08-28,M099,Canan,Antalya,U010,Kitap,187,3,561
6352,2023-06-06,M020,Canan,İzmir,U004,Giyim,124,3,372
6353,2023-09-24,M030,Fatma,İzmir,U013,Elektronik,1127,2,2254
6354,2023-07-14,M045,Mehmet,Bursa,U008,Giyim,303,3,909
6355,2023-07-09,M074,Canan,İzmir,U019,Elektronik,4784,2,9568
6356,2023-10-12,M016,Mustafa,İzmir,U018,Giyim,130,1,130
6357,2023-09-02,M086,Elif,Antalya,U009,Giyim,407,2,814
6358,2023-07-21,M054,Mehmet,Bursa,U019,Elektronik,4784,1,4784
6359,2023-10-18,M042,Mustafa,Bursa,U004,Giyim,124,2,248
6360,2023-08-30,M046,Canan,İzmir,U003,Kitap,388,1,388
6361,2023-06-24,M075,Ahmet,Ankara,U015,Kitap,278,3,834
6362,2023-09-04,M024,Ayşe,Antalya,U020,Giyim,461,1,461
6363,2023-08-29,M086,Elif,Antalya,U017,Giyim,395,2,790
6364,2023-08-04,M066,Elif,Ankara,U003,Kitap,388,3,1164
6365,2023-08-15,M009,Hüseyin,Bursa,U019,Elektronik,4784,1,4784
6366,2023-10-27,M086,Elif,Antalya,U012,Kitap,276,2,552
6367,2023-08-27,M066,Elif,Ankara,U017,Giyim,395,2,790
6368,2023-09-12,M081,Fatma,İzmir,U004,Giyim,124,2,248
6369,2023-06-26,M048,Mehmet,Antalya,U007,Elektronik,3314,3,9942
6370,2023-07-14,M050,Ahmet,Bursa,U008,Giyim,303,2,606
6371,2023-09-29,M067,Canan,Bursa,U018,Giyim,130,3,390
6372,2023-09-24,M060,Fatma,Antalya,U016,Elektronik,2627,2,5254
6373,2023-08-12,M047,Hüseyin,Bursa,U015,Kitap,278,1,278
6374,2023-08-06,M094,Ali,Antalya,U013,Elektronik,1127,3,3381
6375,2023-10-20,M042,Mustafa,Bursa,U020,Giyim,461,3,1383
6376,2023-06-19,M019,Elif,İstanbul,U008,Giyim,303,3,909
6377,2023-10-12,M021,Mehmet,Ankara,U007,Elektronik,3314,1,3314
6378,2023-07-22,M053,Canan,Bursa,U007,Elektronik,3314,3,9942
6379,2023-08-30,M011,Ali,İzmir,U005,Kitap,454,2,908
6380,2023-07-01,M082,Ali,Antalya,U014,Kitap,374,3,1122
6381,2023-09-18,M003,Fatma,Bursa,U017,Giyim,395,1,395
6382,2023-06-22,M086,Elif,Antalya,U020,Giyim,461,1,461
6383,2023-06-17,M016,Mustafa,İzmir,U019,Elektronik,4784,2,9568
6384,2023-09-21,M067,Canan,Bursa,U018,Giyim,130,1,130
6385,2023-06-24,M027,Ayşe,İstanbul,U011,Elektronik,1480,2,2960
6386,2023-08-08,M095,Fatma,Ankara,U003,Kitap,388,2,776
6387,2023-07-09,M078,Hüseyin,İstanbul,U017,Giyim,395,3,1185
6388,2023-09-26,M028,Mehmet,Ankara,U019,Elektronik,4784,3,14352
6389,2023-08-09,M008,Mehmet,Antalya,U010,Kitap,187,1,187
6390,2023-09-13,M046,Canan,İzmir,U008,Giyim,303,3,909
6391,2023-10-21,M011,Ali,İzmir,U008,Giyim,303,2,606
6392,2023-06-24,M084,Elif,İzmir,U013,Elektronik,1127,3,3381
6393,2023-07-19,M003,Fatma,Bursa,U007,Elektronik,3314,3,9942
6394,2023-07-10,M038,Fatma,İstanbul,U011,Elektronik,1480,2,2960
6395,2023-10-17,M056,Ali,Bursa,U012,Kitap,276,1,276
6396,2023-09-25,M069,Canan,Ankara,U008,Giyim,303,1,303
6397,2023-08-05,M028,Mehmet,Ankara,U016,Elektronik,2627,2,5254
6398,2023-06-24,M082,Ali,Antalya,U009,Giyim,407,1,407
6399,2023-06-06,M088,Zeynep,Bursa,U016,Elektronik,2627,1,2627
6400,2023-06-03,M034,Mehmet,Ankara,U018,Giyim,130,2,260
6401,2023-07-08,M036,Fatma,İstanbul,U013,Elektronik,1127,3,3381
6402,2023-07-10,M022,Fatma,İstanbul,U001,Elektronik,2389,1,2389
6403,2023-06-16,M007,Zeynep,İstanbul,U008,Giyim,303,3,909
6404,2023-06-05,M083,Mustafa,İzmir,U011,Elektronik,1480,2,2960
6405,2023-08-19,M080,Elif,Bursa,U007,Elektronik,3314,1,3314
6406,2023-09-28,M095,Fatma,Ankara,U004,Giyim,124,3,372
6407,2023-06-28,M100,Canan,İstanbul,U006,Kitap,125,3,375
6408,2023-09-15,M079,Zeynep,İzmir,U007,Elektronik,3314,2,6628
6409,2023-09-02,M062,Ali,Bursa,U006,Kitap,125,1,125
6410,2023-09-04,M067,Canan,Bursa,U014,Kitap,374,3,1122
6411,2023-08-27,M069,Canan,Ankara,U014,Kitap,374,2,748
6412,2023-07-03,M064,Canan,Antalya,U017,Giyim,395,1,395
6413,2023-06-26,M038,Fatma,İstanbul,U009,Giyim,407,1,407
6414,2023-10-22,M095,Fatma,Ankara,U009,Giyim,407,2,814
6415,2023-09-15,M088,Zeynep,Bursa,U006,Kitap,125,3,375
6416,2023-08-24,M033,Ali,Ankara,U005,Kitap,454,1,454
6417,2023-09-03,M016,Mustafa,İzmir,U018,Giyim,130,3,390
6418,2023-09-11,M089,Canan,Bursa,U013,Elektronik,1127,1,1127
6419,2023-07-03,M011,Ali,İzmir,U017,Giyim,395,2,790
6420,2023-06-27,M053,Canan,Bursa,U020,Giyim,461,3,1383
6421,2023-08-28,M068,Zeynep,Ankara,U014,Kitap,374,3,1122
6422,2023-09-08,M049,Ayşe,Bursa,U016,Elektronik,2627,3,7881
6423,2023-07-12,M031,Canan,Antalya,U006,Kitap,125,1,125
6424,2023-08-11,M053,Canan,Bursa,U010,Kitap,187,2,374
6425,2023-06-23,M098,Ayşe,Bursa,U017,Giyim,395,3,1185
6426,2023-08-19,M082,Ali,Antalya,U013,Elektronik,1127,1,1127
6427,2023-09-30,M092,Zeynep,İzmir,U019,Elektronik,4784,1,4784
6428,2023-09-17,M042,Mustafa,Bursa,U004,Giyim,124,2,248
6429,2023-06-02,M075,Ahmet,Ankara,U019,Elektronik,4784,3,14352
6430,2023-08-31,M100,Canan,İstanbul,U010,Kitap,187,3,561
6431,2023-10-22,M059,Canan,İstanbul,U015,Kitap,278,1,278
6432,2023-10-14,M005,Mustafa,Bursa,U017,Giyim,395,1,395
6433,2023-10-02,M093,Hüseyin,Antalya,U011,Elektronik,1480,3,4440
6434,2023-07-25,M020,Canan,İzmir,U008,Giyim,303,1,303
6435,2023-10-13,M016,Mustafa,İzmir,U005,Kitap,454,2,908
6436,2023-10-08,M014,Canan,İstanbul,U013,Elektronik,1127,2,2254
6437,2023-09-30,M059,Canan,İstanbul,U007,Elektronik,3314,2,6628
6438,2023-06-11,M079,Zeynep,İzmir,U020,Giyim,461,3,1383
6439,2023-09-05,M012,Elif,Ankara,U006,Kitap,125,2,250
6440,2023-08-03,M023,Elif,İzmir,U002,Kitap,197,3,591
6441,2023-10-02,M077,Fatma,İstanbul,U007,Elektronik,3314,2,6628
6442,2023-07-14,M022,Fatma,İstanbul,U017,Giyim,395,1,395
6443,2023-07-03,M043,Elif,İstanbul,U016,Elektronik,2627,2,5254
6444,2023-06-29,M075,Ahmet,Ankara,U020,Giyim,461,3,1383
6445,2023-08-14,M051,Ayşe,İstanbul,U001,Elektronik,2389,1,2389
6446,2023-06-19,M050,Ahmet,Bursa,U004,Giyim,124,3,372
6447,2023-09-12,M093,Hüseyin,Antalya,U015,Kitap,278,3,834
6448,2023-08-29,M082,Ali,Antalya,U018,Giyim,130,3,390
6449,2023-06-05,M046,Canan,İzmir,U004,Giyim,124,1,124
6450,2023-07-09,M061,Elif,İstanbul,U006,Kitap,125,3,375
6451,2023-07-22,M019,Elif,İstanbul,U018,Giyim,130,3,390
6452,2023-10-09,M006,Ayşe,Ankara,U015,Kitap,278,2,556
6453,2023-07-07,M086,Elif,Antalya,U006,Kitap,125,2,250
6454,2023-10-05,M019,Elif,İstanbul,U016,Elektronik,2627,2,5254
6455,2023-09-09,M065,Ayşe,İzmir,U019,Elektronik,4784,3,14352
6456,2023-09-08,M013,Canan,Bursa,U001,Elektronik,2389,2,4778
6457,2023-06-18,M091,Ali,İstanbul,U018,Giyim,130,3,390
6458,2023-07-27,M046,Canan,İzmir,U005,Kitap,454,3,1362
6459,2023-07-02,M047,Hüseyin,Bursa,U014,Kitap,374,3,1122
6460,2023-06-19,M040,Mehmet,Bursa,U003,Kitap,388,3,1164
6461,2023-08-13,M045,Mehmet,Bursa,U016,Elektronik,2627,2,5254
6462,2023-06-20,M029,Hüseyin,Bursa,U001,Elektronik,2389,2,4778
6463,2023-07-27,M033,Ali,Ankara,U011,Elektronik,1480,2,2960
6464,2023-08-18,M078,Hüseyin,İstanbul,U007,Elektronik,3314,2,6628
6465,2023-10-27,M067,Canan,Bursa,U005,Kitap,454,1,454
6466,2023-07-12,M081,Fatma,İzmir,U014,Kitap,374,3,1122
6467,2023-06-01,M014,Canan,İstanbul,U015,Kitap,278,1,278
6468,2023-08-20,M063,Ali,İstanbul,U018,Giyim,130,2,260
6469,2023-09-03,M026,Zeynep,Antalya,U007,Elektronik,3314,3,9942
6470,2023-08-07,M085,Ali,Bursa,U004,Giyim,124,3,372
6471,2023-09-29,M095,Fatma,Ankara,U015,Kitap,278,2,556
6472,2023-07-24,M017,Fatma,İzmir,U002,Kitap,197,2,394
6473,2023-07-23,M096,Ayşe,Antalya,U018,Giyim,130,2,260
6474,2023-06-13,M063,Ali,İstanbul,U009,Giyim,407,1,407
6475,2023-08-04,M045,Mehmet,Bursa,U013,Elektronik,1127,3,3381
6476,2023-08-14,M039,Elif,Bursa,U010,Kitap,187,1,187
6477,2023-10-20,M039,Elif,Bursa,U017,Giyim,395,1,395
6478,2023-07-10,M001,Canan,İstanbul,U018,Giyim,130,3,390
6479,2023-10-21,M048,Mehmet,Antalya,U001,Elektronik,2389,3,7167
6480,2023-10-03,M070,Fatma,İstanbul,U020,Giyim,461,1,461
6481,2023-08-30,M046,Canan,İzmir,U009,Giyim,407,2,814
6482,2023-10-10,M012,Elif,Ankara,U004,Giyim,124,3,372
6483,2023-07-28,M013,Canan,Bursa,U015,Kitap,278,3,834
6484,2023-10-06,M027,Ayşe,İstanbul,U006,Kitap,125,1,125
6485,2023-08-20,M096,Ayşe,Antalya,U008,Giyim,303,3,909
6486,2023-08-02,M092,Zeynep,İzmir,U006,Kitap,125,3,375
6487,2023-07-17,M094,Ali,Antalya,U014,Kitap,374,3,1122
6488,2023-07-01,M098,Ayşe,Bursa,U019,Elektronik,4784,3,14352
6489,2023-09-15,M071,Ali,Bursa,U009,Giyim,407,1,407
6490,2023-07-13,M076,Canan,Bursa,U008,Giyim,303,3,909
6491,2023-09-08,M033,Ali,Ankara,U011,Elektronik,1480,2,2960
6492,2023-09-06,M062,Ali,Bursa,U009,Giyim,407,2,814
6493,2023-09-27,M071,Ali,Bursa,U018,Giyim,130,2,260
6494,2023-06-19,M092,Zeynep,İzmir,U012,Kitap,276,1,276
6495,2023-09-28,M085,Ali,Bursa,U016,Elektronik,2627,3,7881
6496,2023-08-31,M079,Zeynep,İzmir,U012,Kitap,276,1,276
6497,2023-09-29,M069,Canan,Ankara,U020,Giyim,461,1,461
6498,2023-07-10,M049,Ayşe,Bursa,U016,Elektronik,2627,2,5254
6499,2023-10-22,M071,Ali,Bursa,U012,Kitap,276,3,828
6500,2023-10-21,M072,Mustafa,Bursa,U014,Kitap,374,1,374
