Musteri_ID,Ad,Sehir,Kayıt_Tarihi
M001,Canan,İstanbul,2023-04-20
M002,Elif,Antalya,2023-01-04
M003,Fatma,Bursa,2023-05-06
M004,Ali,Ankara,2023-01-09
M005,Mustafa,Bursa,2023-03-25
M006,Ayşe,Ankara,2023-07-10
M007,Zeynep,İstanbul,2023-04-18
M008,Mehmet,Antalya,2023-04-01
M009,Hüseyin,Bursa,2023-03-14
M010,Ali,Bursa,2023-02-14
M011,Ali,İzmir,2023-02-04
M012,Elif,Ankara,2023-04-23
M013,Canan,Bursa,2023-01-12
M014,Canan,İstanbul,2023-03-02
M015,Mehmet,Ankara,2023-03-19
M016,Mustafa,İzmir,2023-07-17
M017,Fatma,İzmir,2023-06-20
M018,Mustafa,Bursa,2023-04-22
M019,Elif,İstanbul,2023-06-17
M020,Canan,İzmir,2023-05-09
M021,Mehmet,Ankara,2023-04-16
M022,Fatma,İstanbul,2023-01-09
M023,Elif,İzmir,2023-06-05
M024,Ayşe,Antalya,2023-01-21
M025,Mehmet,Bursa,2023-05-26
M026,Zeynep,Antalya,2023-02-08
M027,Ayşe,İstanbul,2023-04-24
M028,Mehmet,Ankara,2023-03-31
M029,Hüseyin,Bursa,2023-04-25
M030,Fatma,İzmir,2023-02-06
M031,Canan,Antalya,2023-02-15
M032,Ayşe,İzmir,2023-04-27
M033,Ali,Ankara,2023-06-19
M034,Mehmet,Ankara,2023-05-03
M035,Zeynep,İzmir,2023-04-22
M036,Fatma,İstanbul,2023-05-20
M037,Ahmet,İzmir,2023-03-23
M038,Fatma,İstanbul,2023-03-09
M039,Elif,Bursa,2023-05-30
M040,Mehmet,Bursa,2023-05-07
M041,Fatma,Antalya,2023-03-11
M042,Mustafa,Bursa,2023-06-04
M043,Elif,İstanbul,2023-02-12
M044,Elif,Bursa,2023-04-13
M045,Mehmet,Bursa,2023-05-19
M046,Canan,İzmir,2023-05-18
M047,Hüseyin,Bursa,2023-06-29
M048,Mehmet,Antalya,2023-04-23
M049,Ayşe,Bursa,2023-01-10
M050,Ahmet,Bursa,2023-05-18
M051,Ayşe,İstanbul,2023-03-31
M052,Ayşe,Ankara,2023-01-28
M053,Canan,Bursa,2023-05-05
M054,Mehmet,Bursa,2023-04-22
M055,Mustafa,Bursa,2023-03-29
M056,Ali,Bursa,2023-04-19
M057,Zeynep,Antalya,2023-05-14
M058,Mehmet,Ankara,2023-03-24
M059,Canan,İstanbul,2023-06-25
M060,Fatma,Antalya,2023-05-28
M061,Elif,İstanbul,2023-01-30
M062,Ali,Bursa,2023-03-05
M063,Ali,İstanbul,2023-01-12
M064,Canan,Antalya,2023-07-16
M065,Ayşe,İzmir,2023-02-11
M066,Elif,Ankara,2023-04-03
M067,Canan,Bursa,2023-02-19
M068,Zeynep,Ankara,2023-01-21
M069,Canan,Ankara,2023-04-20
M070,Fatma,İstanbul,2023-06-25
M071,Ali,Bursa,2023-07-10
M072,Mustafa,Bursa,2023-04-25
M073,Mustafa,Ankara,2023-03-10
M074,Canan,İzmir,2023-01-30
M075,Ahmet,Ankara,2023-04-19
M076,Canan,Bursa,2023-04-08
M077,Fatma,İstanbul,2023-07-17
M078,Hüseyin,İstanbul,2023-01-15
M079,Zeynep,İzmir,2023-04-03
M080,Elif,Bursa,2023-07-14
M081,Fatma,İzmir,2023-04-30
M082,Ali,Antalya,2023-05-08
M083,Mustafa,İzmir,2023-04-14
M084,Elif,İzmir,2023-03-31
M085,Ali,Bursa,2023-04-25
M086,Elif,Antalya,2023-05-03
M087,Ayşe,Antalya,2023-07-04
M088,Zeynep,Bursa,2023-02-13
M089,Canan,Bursa,2023-07-04
M090,Canan,İstanbul,2023-06-02
M091,Ali,İstanbul,2023-06-01
M092,Zeynep,İzmir,2023-01-19
M093,Hüseyin,Antalya,2023-04-06
M094,Ali,Antalya,2023-02-17
M095,Fatma,Ankara,2023-03-20
M096,Ayşe,Antalya,2023-01-14
M097,Fatma,Antalya,2023-07-10
M098,Ayşe,Bursa,2023-02-19
M099,Canan,Antalya,2023-04-23
M100,Canan,İstanbul,2023-04-11
