Siparis_ID,Musteri_ID,Urun_ID,Siparis_Tarihi,Adet
5001,M061,U020,2023-09-24,3
5002,M057,U020,2023-07-15,2
5003,M055,U011,2023-10-22,3
5004,M059,U013,2023-07-20,1
5005,M056,U005,2023-06-11,1
5006,M082,U007,2023-10-24,2
5007,M047,U018,2023-09-05,1
5008,M078,U002,2023-07-13,2
5009,M029,U002,2023-10-27,1
5010,M013,U019,2023-09-01,1
5011,M039,U002,2023-09-10,3
5012,M098,U014,2023-06-20,2
5013,M098,U007,2023-10-04,1
5014,M022,U013,2023-09-28,2
5015,M005,U006,2023-07-16,3
5016,M091,U014,2023-07-10,3
5017,M083,U013,2023-06-25,2
5018,M016,U008,2023-06-28,2
5019,M093,U010,2023-08-14,3
5020,M084,U004,2023-08-28,3
5021,M080,U016,2023-08-02,3
5022,M038,U001,2023-07-11,3
5023,M050,U008,2023-06-25,3
5024,M082,U016,2023-06-26,3
5025,M052,U019,2023-07-26,2
5026,M046,U003,2023-07-19,3
5027,M072,U017,2023-06-07,1
5028,M052,U002,2023-06-05,3
5029,M056,U011,2023-07-16,3
5030,M007,U012,2023-08-23,3
5031,M061,U006,2023-06-05,1
5032,M017,U010,2023-07-22,1
5033,M032,U013,2023-10-18,3
5034,M077,U014,2023-10-20,1
5035,M017,U001,2023-07-02,1
5036,M008,U006,2023-07-02,3
5037,M050,U003,2023-06-04,3
5038,M056,U006,2023-09-16,1
5039,M071,U006,2023-06-14,3
5040,M049,U019,2023-09-26,2
5041,M043,U006,2023-06-09,2
5042,M081,U015,2023-10-04,3
5043,M092,U012,2023-06-19,1
5044,M034,U009,2023-07-16,1
5045,M059,U001,2023-07-10,2
5046,M011,U017,2023-08-18,1
5047,M099,U004,2023-10-16,1
5048,M037,U020,2023-08-25,1
5049,M074,U009,2023-10-11,2
5050,M066,U005,2023-06-16,3
5051,M008,U020,2023-06-16,3
5052,M028,U018,2023-06-04,1
5053,M019,U010,2023-09-16,1
5054,M004,U012,2023-10-11,3
5055,M091,U004,2023-10-01,2
5056,M060,U015,2023-07-15,3
5057,M019,U001,2023-09-12,3
5058,M020,U015,2023-07-16,2
5059,M065,U016,2023-07-10,1
5060,M063,U019,2023-09-08,1
5061,M061,U009,2023-07-25,2
5062,M067,U012,2023-10-23,3
5063,M049,U005,2023-08-21,3
5064,M041,U005,2023-06-15,2
5065,M007,U011,2023-10-14,3
5066,M007,U013,2023-06-21,3
5067,M093,U002,2023-07-03,1
5068,M002,U012,2023-09-20,1
5069,M085,U016,2023-10-23,3
5070,M093,U003,2023-06-27,1
5071,M047,U015,2023-09-18,2
5072,M023,U005,2023-09-11,3
5073,M090,U018,2023-07-20,3
5074,M096,U008,2023-07-10,2
5075,M028,U017,2023-10-04,3
5076,M085,U013,2023-07-19,1
5077,M069,U005,2023-10-16,1
5078,M010,U013,2023-09-25,1
5079,M027,U001,2023-09-25,1
5080,M086,U006,2023-09-02,2
5081,M081,U007,2023-08-03,2
5082,M039,U019,2023-08-06,1
5083,M008,U016,2023-09-15,2
5084,M044,U001,2023-08-23,3
5085,M038,U017,2023-10-29,1
5086,M053,U010,2023-09-26,1
5087,M015,U014,2023-09-18,1
5088,M016,U015,2023-07-12,1
5089,M049,U018,2023-06-21,1
5090,M067,U018,2023-08-06,3
5091,M062,U003,2023-09-16,1
5092,M097,U014,2023-10-01,1
5093,M051,U001,2023-09-22,2
5094,M082,U019,2023-10-05,3
5095,M054,U010,2023-10-22,3
5096,M020,U015,2023-07-13,1
5097,M061,U016,2023-10-25,2
5098,M052,U010,2023-10-20,2
5099,M077,U001,2023-10-07,3
5100,M048,U015,2023-08-17,1
5101,M031,U008,2023-09-04,3
5102,M021,U017,2023-06-07,3
5103,M073,U002,2023-06-15,1
5104,M054,U010,2023-07-13,1
5105,M004,U006,2023-09-28,2
5106,M006,U017,2023-08-02,1
5107,M003,U005,2023-10-04,2
5108,M099,U012,2023-06-06,2
5109,M081,U012,2023-08-06,1
5110,M020,U009,2023-06-11,1
5111,M084,U008,2023-06-30,3
5112,M092,U016,2023-08-15,2
5113,M041,U018,2023-09-18,3
5114,M043,U020,2023-08-15,2
5115,M008,U004,2023-10-02,3
5116,M093,U012,2023-10-03,3
5117,M056,U016,2023-08-31,1
5118,M021,U019,2023-07-19,3
5119,M097,U011,2023-08-13,1
5120,M001,U019,2023-09-18,3
5121,M099,U002,2023-07-14,1
5122,M062,U012,2023-09-09,1
5123,M050,U008,2023-07-22,3
5124,M010,U016,2023-06-14,3
5125,M033,U016,2023-06-22,3
5126,M085,U020,2023-06-23,1
5127,M083,U006,2023-07-14,2
5128,M052,U018,2023-07-19,3
5129,M055,U008,2023-09-20,2
5130,M025,U008,2023-09-01,2
5131,M092,U005,2023-07-21,3
5132,M085,U002,2023-10-12,3
5133,M024,U007,2023-06-21,3
5134,M051,U018,2023-06-01,3
5135,M065,U008,2023-10-24,2
5136,M041,U016,2023-10-28,3
5137,M023,U016,2023-08-02,2
5138,M052,U015,2023-10-09,1
5139,M054,U020,2023-10-11,3
5140,M012,U008,2023-06-16,1
5141,M093,U003,2023-08-09,1
5142,M036,U011,2023-08-13,3
5143,M048,U005,2023-08-29,3
5144,M082,U005,2023-06-19,1
5145,M097,U015,2023-07-01,2
5146,M079,U020,2023-06-06,1
5147,M077,U005,2023-09-13,1
5148,M061,U015,2023-06-17,1
5149,M011,U011,2023-08-08,1
5150,M082,U002,2023-09-22,3
5151,M095,U017,2023-06-11,3
5152,M007,U002,2023-09-21,3
5153,M053,U018,2023-10-16,2
5154,M096,U020,2023-10-26,3
5155,M047,U010,2023-07-05,2
5156,M093,U011,2023-08-31,1
5157,M034,U010,2023-08-29,3
5158,M072,U004,2023-08-04,3
5159,M049,U011,2023-09-27,2
5160,M052,U006,2023-08-10,1
5161,M020,U018,2023-07-14,1
5162,M057,U012,2023-09-19,2
5163,M021,U011,2023-07-19,3
5164,M082,U005,2023-06-13,1
5165,M098,U019,2023-07-14,3
5166,M069,U018,2023-07-09,1
5167,M074,U010,2023-08-30,2
5168,M098,U012,2023-08-18,2
5169,M010,U007,2023-08-30,1
5170,M083,U003,2023-10-23,1
5171,M057,U018,2023-07-31,3
5172,M080,U009,2023-10-21,3
5173,M038,U002,2023-10-07,2
5174,M085,U011,2023-09-28,3
5175,M090,U002,2023-09-04,2
5176,M062,U016,2023-08-12,3
5177,M063,U001,2023-09-04,2
5178,M075,U019,2023-09-29,1
5179,M030,U013,2023-09-20,2
5180,M088,U009,2023-06-28,2
5181,M015,U003,2023-06-28,2
5182,M056,U008,2023-07-16,3
5183,M088,U006,2023-06-02,3
5184,M071,U010,2023-07-12,2
5185,M074,U007,2023-07-02,1
5186,M041,U001,2023-08-27,2
5187,M025,U015,2023-06-15,3
5188,M100,U016,2023-10-24,1
5189,M003,U018,2023-08-15,3
5190,M023,U017,2023-06-27,1
5191,M064,U010,2023-10-26,2
5192,M007,U013,2023-07-13,1
5193,M049,U001,2023-10-01,2
5194,M053,U020,2023-10-24,3
5195,M082,U001,2023-06-08,3
5196,M022,U009,2023-09-12,1
5197,M076,U017,2023-10-02,2
5198,M031,U011,2023-10-17,1
5199,M047,U019,2023-10-28,1
5200,M074,U001,2023-07-08,1
5201,M017,U007,2023-08-09,1
5202,M096,U003,2023-10-04,2
5203,M094,U002,2023-09-24,2
5204,M090,U001,2023-07-25,1
5205,M079,U019,2023-07-23,3
5206,M097,U012,2023-06-08,2
5207,M020,U017,2023-10-04,2
5208,M012,U005,2023-09-29,1
5209,M039,U006,2023-10-05,3
5210,M061,U010,2023-06-15,2
5211,M038,U002,2023-09-01,1
5212,M011,U012,2023-10-13,2
5213,M005,U004,2023-10-21,3
5214,M022,U005,2023-06-12,1
5215,M086,U014,2023-06-13,1
5216,M039,U002,2023-09-14,2
5217,M043,U017,2023-08-15,2
5218,M033,U013,2023-06-04,3
5219,M070,U001,2023-09-28,1
5220,M072,U003,2023-09-05,3
5221,M090,U012,2023-08-08,3
5222,M070,U002,2023-06-13,2
5223,M075,U015,2023-08-19,2
5224,M022,U006,2023-08-28,2
5225,M013,U012,2023-07-27,2
5226,M007,U010,2023-06-02,3
5227,M037,U004,2023-09-01,1
5228,M017,U019,2023-06-08,2
5229,M030,U012,2023-10-16,1
5230,M078,U010,2023-10-18,3
5231,M049,U018,2023-09-09,3
5232,M058,U011,2023-06-02,3
5233,M017,U010,2023-07-19,2
5234,M045,U017,2023-08-12,2
5235,M090,U004,2023-09-24,1
5236,M029,U013,2023-10-16,2
5237,M087,U010,2023-08-03,3
5238,M088,U014,2023-06-06,1
5239,M030,U013,2023-07-24,1
5240,M007,U003,2023-09-01,2
5241,M014,U006,2023-06-16,3
5242,M010,U001,2023-09-14,1
5243,M090,U003,2023-10-21,3
5244,M056,U016,2023-08-06,1
5245,M003,U018,2023-06-27,1
5246,M073,U020,2023-06-20,2
5247,M083,U009,2023-06-20,2
5248,M078,U004,2023-08-16,3
5249,M030,U008,2023-09-23,1
5250,M062,U011,2023-08-15,1
5251,M056,U002,2023-09-20,1
5252,M056,U009,2023-07-07,2
5253,M019,U019,2023-08-13,3
5254,M073,U017,2023-10-20,2
5255,M027,U016,2023-09-12,3
5256,M013,U009,2023-06-13,1
5257,M051,U018,2023-06-26,1
5258,M067,U008,2023-08-10,1
5259,M015,U002,2023-06-15,3
5260,M054,U013,2023-10-07,3
5261,M005,U004,2023-07-04,2
5262,M040,U002,2023-07-27,2
5263,M041,U010,2023-09-21,3
5264,M070,U014,2023-06-06,3
5265,M028,U006,2023-07-24,1
5266,M005,U020,2023-07-07,3
5267,M035,U011,2023-08-04,3
5268,M077,U012,2023-06-13,3
5269,M098,U018,2023-07-06,3
5270,M027,U013,2023-08-04,2
5271,M055,U019,2023-09-09,3
5272,M057,U012,2023-09-15,2
5273,M072,U008,2023-08-21,3
5274,M051,U002,2023-06-06,3
5275,M063,U015,2023-07-14,1
5276,M058,U008,2023-06-09,2
5277,M076,U006,2023-06-20,1
5278,M090,U004,2023-10-17,3
5279,M083,U006,2023-10-16,1
5280,M078,U012,2023-07-12,3
5281,M007,U017,2023-09-28,1
5282,M019,U015,2023-06-19,3
5283,M032,U016,2023-06-26,1
5284,M023,U006,2023-07-05,3
5285,M031,U003,2023-09-27,1
5286,M015,U004,2023-06-19,3
5287,M099,U002,2023-06-26,2
5288,M057,U003,2023-10-28,1
5289,M096,U004,2023-07-22,1
5290,M082,U019,2023-09-04,1
5291,M068,U009,2023-08-21,1
5292,M065,U018,2023-07-24,2
5293,M026,U018,2023-09-23,2
5294,M075,U018,2023-08-16,3
5295,M058,U001,2023-08-28,1
5296,M034,U017,2023-08-05,1
5297,M079,U014,2023-09-14,2
5298,M056,U003,2023-08-16,1
5299,M099,U012,2023-07-07,1
5300,M009,U013,2023-08-08,1
5301,M031,U002,2023-08-27,2
5302,M099,U014,2023-09-10,3
5303,M009,U009,2023-08-27,3
5304,M051,U008,2023-06-03,3
5305,M038,U008,2023-08-17,1
5306,M003,U007,2023-07-15,1
5307,M002,U004,2023-08-07,2
5308,M061,U004,2023-08-29,1
5309,M075,U018,2023-09-12,3
5310,M042,U004,2023-09-10,2
5311,M055,U014,2023-06-13,3
5312,M046,U011,2023-06-01,3
5313,M077,U004,2023-09-20,3
5314,M074,U017,2023-06-13,3
5315,M056,U004,2023-10-06,3
5316,M021,U013,2023-06-20,2
5317,M015,U005,2023-08-08,2
5318,M039,U020,2023-10-15,1
5319,M086,U004,2023-09-19,2
5320,M043,U007,2023-09-06,1
5321,M079,U014,2023-07-01,1
5322,M060,U016,2023-08-23,2
5323,M019,U019,2023-06-11,1
5324,M068,U016,2023-08-06,2
5325,M095,U009,2023-07-09,1
5326,M051,U010,2023-06-16,3
5327,M047,U019,2023-09-26,3
5328,M092,U012,2023-09-30,1
5329,M073,U010,2023-07-10,3
5330,M086,U009,2023-07-15,3
5331,M027,U017,2023-07-04,1
5332,M026,U003,2023-09-29,2
5333,M042,U015,2023-08-27,1
5334,M047,U006,2023-06-25,3
5335,M069,U002,2023-10-12,3
5336,M094,U019,2023-08-06,1
5337,M047,U020,2023-08-18,3
5338,M047,U005,2023-09-26,1
5339,M083,U010,2023-08-07,2
5340,M056,U003,2023-06-24,3
5341,M046,U016,2023-09-22,2
5342,M052,U006,2023-09-04,3
5343,M030,U002,2023-07-26,2
5344,M005,U019,2023-06-25,1
5345,M091,U007,2023-08-26,2
5346,M053,U001,2023-09-26,2
5347,M002,U003,2023-08-11,2
5348,M004,U008,2023-09-18,2
5349,M024,U017,2023-10-29,3
5350,M005,U017,2023-07-19,2
5351,M053,U013,2023-10-17,2
5352,M024,U017,2023-06-20,1
5353,M014,U002,2023-07-28,3
5354,M075,U001,2023-06-15,2
5355,M041,U019,2023-08-10,3
5356,M090,U015,2023-10-10,2
5357,M074,U003,2023-10-15,1
5358,M041,U016,2023-09-24,2
5359,M055,U013,2023-09-22,1
5360,M060,U009,2023-10-20,1
5361,M018,U005,2023-06-08,3
5362,M090,U012,2023-08-02,1
5363,M002,U005,2023-06-24,3
5364,M052,U004,2023-09-24,1
5365,M077,U002,2023-10-04,1
5366,M013,U002,2023-10-18,3
5367,M022,U008,2023-09-07,2
5368,M010,U018,2023-09-16,1
5369,M027,U016,2023-09-05,3
5370,M078,U017,2023-08-31,2
5371,M066,U014,2023-08-25,2
5372,M080,U011,2023-08-26,3
5373,M045,U018,2023-06-17,1
5374,M018,U010,2023-07-04,1
5375,M040,U011,2023-06-19,2
5376,M018,U015,2023-09-06,3
5377,M067,U018,2023-06-17,2
5378,M063,U008,2023-07-11,3
5379,M008,U006,2023-07-31,2
5380,M087,U013,2023-09-10,2
5381,M020,U015,2023-08-18,2
5382,M053,U019,2023-06-13,2
5383,M086,U002,2023-09-05,1
5384,M085,U003,2023-06-07,2
5385,M056,U018,2023-06-22,1
5386,M051,U001,2023-09-07,3
5387,M022,U015,2023-07-08,3
5388,M041,U015,2023-06-29,2
5389,M004,U013,2023-09-03,2
5390,M068,U015,2023-09-25,3
5391,M006,U008,2023-10-14,1
5392,M057,U005,2023-07-21,2
5393,M058,U006,2023-08-16,2
5394,M063,U009,2023-10-06,2
5395,M022,U009,2023-06-15,2
5396,M042,U003,2023-08-18,2
5397,M015,U015,2023-06-29,3
5398,M031,U012,2023-07-27,3
5399,M009,U018,2023-10-19,2
5400,M014,U011,2023-07-21,3
5401,M083,U010,2023-07-03,3
5402,M036,U003,2023-07-20,3
5403,M096,U012,2023-08-16,3
5404,M054,U007,2023-08-16,1
5405,M055,U019,2023-10-11,3
5406,M074,U007,2023-09-09,3
5407,M084,U001,2023-06-03,1
5408,M098,U011,2023-08-08,3
5409,M085,U002,2023-06-24,3
5410,M001,U014,2023-09-10,1
5411,M005,U002,2023-06-22,1
5412,M043,U018,2023-08-10,2
5413,M069,U019,2023-10-16,1
5414,M035,U014,2023-09-10,1
5415,M078,U018,2023-10-16,1
5416,M017,U019,2023-07-14,3
5417,M021,U019,2023-07-04,3
5418,M050,U004,2023-10-05,2
5419,M040,U003,2023-10-26,3
5420,M049,U008,2023-09-02,2
5421,M095,U019,2023-06-17,1
5422,M016,U019,2023-10-12,3
5423,M047,U017,2023-10-04,1
5424,M084,U016,2023-08-01,3
5425,M078,U008,2023-09-18,3
5426,M045,U008,2023-09-07,3
5427,M066,U007,2023-10-12,2
5428,M059,U002,2023-10-17,2
5429,M073,U020,2023-09-27,3
5430,M085,U009,2023-08-08,1
5431,M067,U010,2023-09-06,2
5432,M100,U016,2023-10-02,2
5433,M098,U014,2023-06-07,1
5434,M035,U006,2023-08-02,2
5435,M016,U014,2023-10-11,3
5436,M090,U015,2023-08-27,3
5437,M046,U015,2023-06-14,2
5438,M015,U013,2023-06-21,2
5439,M080,U008,2023-10-02,1
5440,M045,U006,2023-07-12,1
5441,M035,U020,2023-06-04,1
5442,M059,U011,2023-08-24,3
5443,M036,U013,2023-06-27,1
5444,M042,U009,2023-09-28,3
5445,M038,U011,2023-08-08,2
5446,M005,U013,2023-08-31,2
5447,M008,U020,2023-07-12,2
5448,M033,U013,2023-06-04,2
5449,M040,U001,2023-10-21,3
5450,M058,U017,2023-06-23,2
5451,M044,U020,2023-09-07,2
5452,M047,U004,2023-06-09,2
5453,M089,U015,2023-10-16,2
5454,M025,U006,2023-07-12,3
5455,M096,U005,2023-09-29,1
5456,M076,U011,2023-09-21,1
5457,M046,U004,2023-06-22,3
5458,M005,U015,2023-07-21,2
5459,M081,U019,2023-09-12,2
5460,M012,U006,2023-07-14,2
5461,M058,U009,2023-08-25,1
5462,M074,U012,2023-08-17,1
5463,M074,U005,2023-10-20,2
5464,M038,U010,2023-06-21,2
5465,M083,U007,2023-07-15,2
5466,M007,U015,2023-10-09,3
5467,M094,U002,2023-10-09,3
5468,M020,U012,2023-08-15,1
5469,M051,U016,2023-07-15,3
5470,M052,U009,2023-09-02,1
5471,M038,U002,2023-06-24,1
5472,M082,U020,2023-08-27,1
5473,M093,U009,2023-08-24,1
5474,M011,U014,2023-09-01,3
5475,M054,U019,2023-10-19,3
5476,M091,U017,2023-08-06,1
5477,M094,U018,2023-07-06,3
5478,M048,U011,2023-07-29,3
5479,M071,U009,2023-10-01,1
5480,M097,U020,2023-07-15,2
5481,M077,U019,2023-08-12,2
5482,M056,U009,2023-06-05,2
5483,M037,U013,2023-10-26,3
5484,M044,U019,2023-06-20,3
5485,M050,U011,2023-07-14,3
5486,M007,U007,2023-07-23,2
5487,M095,U019,2023-08-23,2
5488,M047,U015,2023-06-29,1
5489,M016,U019,2023-09-01,3
5490,M025,U018,2023-10-07,3
5491,M069,U001,2023-07-15,1
5492,M067,U011,2023-09-17,3
5493,M094,U010,2023-09-15,2
5494,M014,U015,2023-07-13,2
5495,M013,U012,2023-09-02,2
5496,M034,U011,2023-10-17,1
5497,M002,U014,2023-07-15,1
5498,M014,U011,2023-10-28,2
5499,M099,U014,2023-06-06,2
5500,M035,U014,2023-10-15,2
5501,M068,U020,2023-10-21,3
5502,M044,U018,2023-08-04,1
5503,M054,U018,2023-06-14,1
5504,M086,U007,2023-06-10,1
5505,M020,U015,2023-10-22,1
5506,M012,U019,2023-08-13,2
5507,M096,U015,2023-07-15,3
5508,M005,U005,2023-06-02,1
5509,M031,U001,2023-10-28,3
5510,M090,U020,2023-09-12,3
5511,M047,U017,2023-06-01,3
5512,M009,U009,2023-08-02,1
5513,M047,U006,2023-07-31,3
5514,M059,U014,2023-06-05,3
5515,M014,U002,2023-08-19,2
5516,M068,U018,2023-06-14,1
5517,M065,U011,2023-09-09,2
5518,M029,U010,2023-09-27,3
5519,M099,U015,2023-06-24,1
5520,M034,U002,2023-06-10,1
5521,M090,U002,2023-09-02,2
5522,M071,U016,2023-07-20,3
5523,M010,U013,2023-07-08,3
5524,M020,U010,2023-09-13,3
5525,M098,U003,2023-10-04,1
5526,M084,U015,2023-09-10,1
5527,M022,U017,2023-10-16,2
5528,M094,U006,2023-10-06,1
5529,M085,U020,2023-08-04,2
5530,M098,U009,2023-07-21,2
5531,M047,U018,2023-07-29,2
5532,M069,U003,2023-07-04,1
5533,M064,U020,2023-06-07,2
5534,M028,U019,2023-09-15,3
5535,M022,U003,2023-09-16,1
5536,M052,U003,2023-08-03,1
5537,M050,U015,2023-07-30,1
5538,M065,U017,2023-09-26,1
5539,M023,U004,2023-10-06,1
5540,M023,U018,2023-08-08,3
5541,M015,U006,2023-10-13,2
5542,M079,U019,2023-08-30,3
5543,M015,U006,2023-06-14,3
5544,M028,U005,2023-07-06,3
5545,M034,U008,2023-09-09,2
5546,M061,U020,2023-08-22,1
5547,M064,U012,2023-09-03,1
5548,M001,U020,2023-07-28,1
5549,M006,U018,2023-07-28,2
5550,M063,U010,2023-10-11,2
5551,M003,U004,2023-08-20,1
5552,M057,U003,2023-07-24,1
5553,M090,U009,2023-06-03,1
5554,M057,U015,2023-07-19,1
5555,M093,U007,2023-06-03,1
5556,M024,U016,2023-10-08,3
5557,M070,U010,2023-08-10,1
5558,M031,U002,2023-07-06,1
5559,M014,U013,2023-10-06,2
5560,M042,U009,2023-10-25,3
5561,M009,U003,2023-07-24,1
5562,M051,U017,2023-08-30,3
5563,M008,U012,2023-10-14,3
5564,M049,U014,2023-09-22,1
5565,M018,U007,2023-07-03,3
5566,M080,U004,2023-09-21,2
5567,M067,U020,2023-09-04,1
5568,M001,U014,2023-10-01,3
5569,M053,U009,2023-10-15,3
5570,M095,U007,2023-10-21,3
5571,M007,U017,2023-06-01,2
5572,M073,U011,2023-10-24,2
5573,M016,U014,2023-09-08,1
5574,M078,U001,2023-09-03,2
5575,M022,U001,2023-07-04,3
5576,M027,U010,2023-07-14,2
5577,M014,U012,2023-06-20,3
5578,M064,U011,2023-09-02,3
5579,M026,U004,2023-09-25,2
5580,M057,U020,2023-07-16,2
5581,M036,U020,2023-10-17,2
5582,M090,U009,2023-09-08,1
5583,M083,U010,2023-08-21,3
5584,M014,U004,2023-08-02,3
5585,M085,U007,2023-07-15,1
5586,M022,U006,2023-06-21,2
5587,M042,U014,2023-08-18,2
5588,M074,U016,2023-09-24,3
5589,M018,U012,2023-07-06,3
5590,M004,U015,2023-10-10,2
5591,M083,U009,2023-09-19,2
5592,M078,U020,2023-07-08,2
5593,M095,U017,2023-10-15,3
5594,M005,U020,2023-06-02,1
5595,M036,U002,2023-09-10,1
5596,M010,U004,2023-08-17,1
5597,M025,U018,2023-08-27,1
5598,M070,U013,2023-07-23,2
5599,M084,U011,2023-08-02,1
5600,M096,U014,2023-09-26,1
5601,M093,U012,2023-08-27,2
5602,M023,U006,2023-09-24,2
5603,M073,U020,2023-06-26,2
5604,M020,U009,2023-08-18,1
5605,M015,U020,2023-10-08,2
5606,M072,U016,2023-08-10,2
5607,M086,U013,2023-09-02,3
5608,M029,U013,2023-06-18,3
5609,M100,U001,2023-07-31,3
5610,M033,U003,2023-08-08,3
5611,M033,U020,2023-06-27,1
5612,M013,U007,2023-07-17,3
5613,M093,U014,2023-06-18,2
5614,M023,U011,2023-10-28,3
5615,M029,U008,2023-08-27,2
5616,M065,U011,2023-08-01,3
5617,M082,U006,2023-08-10,3
5618,M001,U009,2023-06-23,2
5619,M002,U017,2023-09-24,1
5620,M090,U003,2023-10-16,2
5621,M053,U008,2023-08-16,2
5622,M071,U006,2023-06-11,2
5623,M098,U014,2023-08-07,2
5624,M009,U019,2023-07-15,2
5625,M052,U016,2023-09-01,3
5626,M075,U008,2023-10-04,3
5627,M017,U020,2023-09-05,1
5628,M020,U006,2023-07-29,2
5629,M083,U019,2023-08-07,1
5630,M089,U018,2023-10-27,2
5631,M055,U002,2023-06-03,1
5632,M029,U011,2023-09-17,1
5633,M081,U007,2023-06-15,1
5634,M017,U001,2023-09-14,2
5635,M099,U001,2023-08-23,3
5636,M060,U011,2023-09-02,1
5637,M018,U010,2023-09-10,2
5638,M094,U020,2023-10-05,3
5639,M021,U006,2023-06-29,2
5640,M067,U016,2023-07-30,1
5641,M097,U014,2023-09-11,1
5642,M003,U004,2023-10-14,1
5643,M040,U003,2023-08-01,3
5644,M068,U006,2023-10-01,3
5645,M008,U011,2023-09-29,3
5646,M006,U016,2023-09-16,1
5647,M001,U009,2023-07-20,2
5648,M083,U017,2023-10-01,2
5649,M064,U008,2023-09-16,1
5650,M011,U007,2023-07-18,3
5651,M076,U019,2023-10-01,1
5652,M052,U002,2023-06-01,1
5653,M087,U013,2023-08-10,1
5654,M034,U005,2023-10-14,3
5655,M089,U011,2023-07-22,1
5656,M066,U006,2023-10-18,3
5657,M070,U013,2023-10-05,2
5658,M086,U008,2023-09-08,2
5659,M084,U001,2023-07-05,2
5660,M032,U012,2023-08-09,3
5661,M019,U006,2023-06-21,3
5662,M014,U013,2023-09-11,3
5663,M045,U001,2023-09-14,3
5664,M009,U019,2023-09-28,1
5665,M048,U014,2023-09-12,3
5666,M098,U006,2023-09-10,3
5667,M006,U010,2023-08-02,1
5668,M030,U014,2023-10-09,3
5669,M003,U018,2023-06-30,2
5670,M027,U017,2023-07-23,2
5671,M074,U012,2023-08-22,1
5672,M042,U017,2023-06-23,3
5673,M088,U004,2023-09-21,1
5674,M035,U009,2023-09-02,3
5675,M077,U007,2023-09-20,3
5676,M091,U011,2023-06-16,1
5677,M020,U005,2023-09-04,3
5678,M023,U017,2023-08-30,1
5679,M053,U007,2023-06-15,1
5680,M039,U002,2023-07-02,2
5681,M015,U015,2023-06-10,1
5682,M089,U016,2023-09-15,1
5683,M018,U002,2023-07-23,1
5684,M097,U005,2023-07-31,3
5685,M071,U018,2023-08-28,1
5686,M097,U014,2023-08-14,2
5687,M100,U012,2023-07-04,3
5688,M060,U011,2023-06-28,2
5689,M083,U018,2023-08-07,1
5690,M055,U020,2023-10-26,3
5691,M072,U008,2023-07-15,3
5692,M045,U010,2023-07-03,2
5693,M076,U005,2023-07-03,2
5694,M019,U003,2023-06-07,1
5695,M084,U015,2023-10-29,2
5696,M064,U012,2023-09-02,2
5697,M090,U011,2023-08-27,3
5698,M098,U001,2023-08-05,2
5699,M055,U014,2023-07-21,2
5700,M025,U020,2023-06-10,1
5701,M037,U008,2023-09-25,1
5702,M010,U018,2023-09-13,2
5703,M073,U019,2023-08-26,3
5704,M100,U013,2023-06-02,1
5705,M082,U002,2023-09-19,1
5706,M013,U012,2023-06-19,3
5707,M023,U007,2023-07-01,1
5708,M011,U002,2023-09-30,3
5709,M005,U020,2023-09-28,3
5710,M061,U016,2023-09-26,3
5711,M062,U010,2023-10-05,1
5712,M098,U005,2023-10-15,3
5713,M011,U019,2023-07-21,2
5714,M004,U001,2023-09-16,1
5715,M077,U008,2023-10-20,3
5716,M004,U007,2023-06-26,2
5717,M093,U005,2023-06-09,2
5718,M083,U010,2023-08-16,3
5719,M063,U009,2023-08-16,2
5720,M035,U008,2023-07-18,1
5721,M099,U020,2023-09-13,2
5722,M074,U010,2023-06-22,1
5723,M058,U018,2023-06-05,3
5724,M004,U008,2023-10-15,2
5725,M007,U007,2023-08-21,3
5726,M006,U018,2023-10-18,3
5727,M015,U002,2023-08-08,3
5728,M021,U018,2023-08-31,1
5729,M098,U020,2023-08-16,2
5730,M019,U017,2023-07-22,3
5731,M022,U005,2023-08-23,2
5732,M019,U017,2023-06-11,2
5733,M057,U016,2023-07-18,3
5734,M050,U018,2023-06-26,1
5735,M066,U002,2023-06-17,3
5736,M039,U015,2023-07-25,2
5737,M056,U004,2023-09-20,1
5738,M012,U009,2023-08-16,2
5739,M040,U020,2023-10-19,2
5740,M067,U014,2023-10-04,2
5741,M054,U006,2023-10-02,3
5742,M018,U014,2023-07-30,3
5743,M049,U016,2023-08-17,2
5744,M068,U007,2023-09-19,2
5745,M066,U015,2023-10-05,1
5746,M063,U013,2023-10-22,1
5747,M094,U011,2023-07-28,1
5748,M056,U009,2023-08-13,3
5749,M077,U010,2023-07-13,3
5750,M064,U007,2023-09-20,2
5751,M042,U020,2023-07-02,1
5752,M028,U016,2023-07-09,2
5753,M004,U016,2023-08-01,1
5754,M068,U012,2023-07-14,1
5755,M026,U005,2023-06-06,3
5756,M022,U019,2023-09-25,3
5757,M016,U012,2023-10-20,1
5758,M038,U016,2023-09-28,3
5759,M073,U017,2023-10-09,2
5760,M037,U020,2023-08-19,3
5761,M013,U008,2023-08-05,2
5762,M050,U002,2023-10-27,3
5763,M079,U017,2023-06-17,2
5764,M019,U013,2023-08-28,1
5765,M084,U011,2023-07-17,1
5766,M044,U011,2023-06-13,1
5767,M071,U014,2023-08-06,1
5768,M038,U005,2023-07-30,3
5769,M042,U003,2023-06-22,1
5770,M078,U016,2023-06-10,2
5771,M044,U010,2023-09-30,1
5772,M059,U013,2023-09-21,2
5773,M078,U019,2023-09-17,1
5774,M078,U007,2023-08-02,1
5775,M030,U014,2023-07-19,2
5776,M054,U019,2023-07-24,2
5777,M079,U006,2023-08-25,3
5778,M082,U003,2023-09-01,2
5779,M012,U001,2023-07-04,3
5780,M073,U016,2023-06-18,1
5781,M100,U004,2023-06-14,3
5782,M022,U003,2023-09-26,2
5783,M047,U013,2023-09-08,1
5784,M059,U018,2023-08-02,1
5785,M025,U002,2023-06-29,3
5786,M068,U019,2023-07-24,2
5787,M054,U014,2023-07-14,2
5788,M050,U001,2023-06-25,1
5789,M038,U012,2023-07-07,3
5790,M018,U013,2023-10-19,3
5791,M081,U017,2023-08-02,2
5792,M039,U002,2023-09-05,2
5793,M042,U009,2023-07-26,2
5794,M011,U005,2023-09-28,2
5795,M054,U010,2023-09-16,3
5796,M083,U010,2023-10-10,2
5797,M088,U013,2023-09-11,3
5798,M007,U010,2023-09-27,2
5799,M084,U007,2023-06-29,3
5800,M019,U003,2023-07-03,3
5801,M012,U020,2023-10-14,2
5802,M012,U001,2023-07-13,3
5803,M062,U009,2023-08-08,1
5804,M072,U005,2023-09-02,3
5805,M011,U013,2023-09-22,1
5806,M095,U020,2023-06-17,2
5807,M092,U003,2023-09-19,3
5808,M011,U004,2023-09-14,1
5809,M012,U019,2023-08-23,2
5810,M018,U018,2023-08-01,2
5811,M022,U005,2023-06-09,1
5812,M056,U014,2023-06-14,3
5813,M005,U001,2023-07-29,1
5814,M068,U012,2023-07-24,1
5815,M066,U018,2023-08-01,1
5816,M017,U002,2023-10-20,3
5817,M039,U011,2023-06-27,1
5818,M027,U020,2023-09-05,2
5819,M016,U017,2023-07-24,3
5820,M042,U017,2023-07-02,3
5821,M004,U016,2023-07-03,2
5822,M027,U010,2023-07-14,1
5823,M072,U007,2023-07-18,3
5824,M030,U001,2023-08-26,2
5825,M027,U010,2023-09-11,2
5826,M065,U009,2023-07-19,3
5827,M042,U002,2023-07-02,1
5828,M026,U016,2023-08-29,1
5829,M039,U005,2023-07-20,2
5830,M020,U019,2023-09-15,2
5831,M038,U003,2023-10-03,3
5832,M058,U006,2023-10-13,1
5833,M035,U008,2023-08-28,3
5834,M025,U019,2023-07-02,3
5835,M071,U003,2023-07-13,2
5836,M097,U001,2023-08-18,3
5837,M052,U012,2023-07-02,1
5838,M049,U017,2023-10-09,3
5839,M057,U011,2023-07-17,3
5840,M004,U002,2023-07-07,3
5841,M053,U008,2023-06-22,3
5842,M069,U015,2023-09-18,3
5843,M022,U019,2023-08-11,2
5844,M079,U001,2023-09-26,1
5845,M076,U016,2023-08-07,1
5846,M044,U009,2023-09-02,3
5847,M089,U009,2023-06-24,2
5848,M018,U019,2023-07-18,1
5849,M026,U017,2023-07-27,2
5850,M087,U011,2023-09-01,1
5851,M040,U004,2023-08-06,3
5852,M001,U008,2023-08-13,1
5853,M010,U008,2023-10-14,1
5854,M064,U020,2023-09-19,1
5855,M052,U011,2023-09-29,1
5856,M040,U003,2023-07-11,1
5857,M032,U004,2023-09-28,3
5858,M099,U019,2023-08-04,2
5859,M030,U012,2023-07-01,2
5860,M070,U007,2023-08-19,3
5861,M026,U010,2023-06-07,1
5862,M026,U005,2023-09-27,2
5863,M087,U012,2023-06-29,2
5864,M037,U014,2023-08-09,1
5865,M079,U010,2023-08-05,3
5866,M080,U017,2023-08-17,2
5867,M022,U005,2023-10-03,3
5868,M062,U014,2023-08-19,2
5869,M018,U015,2023-10-26,1
5870,M042,U012,2023-08-05,3
5871,M089,U009,2023-08-05,3
5872,M098,U003,2023-10-04,3
5873,M093,U016,2023-06-11,1
5874,M038,U005,2023-08-04,3
5875,M012,U012,2023-10-08,3
5876,M039,U005,2023-10-16,3
5877,M047,U014,2023-10-19,3
5878,M096,U020,2023-07-29,3
5879,M047,U009,2023-08-21,1
5880,M047,U017,2023-10-02,3
5881,M093,U015,2023-10-11,3
5882,M061,U010,2023-08-12,3
5883,M061,U009,2023-06-22,2
5884,M032,U007,2023-08-10,1
5885,M008,U010,2023-10-02,2
5886,M068,U001,2023-10-16,3
5887,M032,U011,2023-08-11,2
5888,M092,U003,2023-07-18,3
5889,M043,U010,2023-06-21,2
5890,M010,U006,2023-08-28,3
5891,M027,U019,2023-09-15,2
5892,M029,U018,2023-08-30,2
5893,M007,U020,2023-08-03,3
5894,M052,U002,2023-09-15,2
5895,M008,U012,2023-08-21,1
5896,M093,U007,2023-07-30,3
5897,M088,U014,2023-09-16,1
5898,M082,U010,2023-08-17,1
5899,M078,U014,2023-07-24,3
5900,M078,U015,2023-07-28,3
5901,M026,U001,2023-10-27,1
5902,M060,U020,2023-08-19,3
5903,M076,U018,2023-10-26,3
5904,M060,U004,2023-09-30,3
5905,M034,U006,2023-07-27,2
5906,M071,U014,2023-08-03,3
5907,M073,U015,2023-09-12,2
5908,M062,U001,2023-06-03,2
5909,M038,U012,2023-10-19,3
5910,M051,U016,2023-10-28,1
5911,M041,U020,2023-07-06,2
5912,M061,U006,2023-09-05,3
5913,M023,U004,2023-06-13,2
5914,M094,U012,2023-10-08,2
5915,M078,U002,2023-08-19,3
5916,M007,U012,2023-10-13,3
5917,M036,U010,2023-10-01,3
5918,M090,U007,2023-10-13,1
5919,M005,U015,2023-09-28,2
5920,M077,U011,2023-06-16,1
5921,M013,U015,2023-09-08,1
5922,M077,U017,2023-07-06,2
5923,M078,U020,2023-10-19,3
5924,M071,U018,2023-08-08,3
5925,M025,U008,2023-06-27,1
5926,M020,U008,2023-09-08,3
5927,M056,U020,2023-09-14,2
5928,M061,U001,2023-09-03,2
5929,M065,U007,2023-07-11,3
5930,M049,U018,2023-07-19,1
5931,M012,U004,2023-09-19,1
5932,M042,U018,2023-10-13,2
5933,M041,U016,2023-07-05,1
5934,M067,U018,2023-10-03,1
5935,M019,U005,2023-10-11,3
5936,M046,U002,2023-09-09,1
5937,M091,U004,2023-07-19,3
5938,M053,U007,2023-07-01,2
5939,M068,U006,2023-10-14,2
5940,M053,U018,2023-08-08,1
5941,M036,U020,2023-07-02,1
5942,M005,U019,2023-06-16,1
5943,M058,U010,2023-06-16,2
5944,M073,U009,2023-08-24,2
5945,M093,U002,2023-09-23,1
5946,M077,U001,2023-10-11,2
5947,M036,U019,2023-10-12,3
5948,M042,U012,2023-09-24,3
5949,M050,U014,2023-09-05,2
5950,M047,U016,2023-07-15,3
5951,M029,U014,2023-06-23,3
5952,M092,U014,2023-07-25,2
5953,M008,U002,2023-09-05,3
5954,M074,U001,2023-06-01,2
5955,M004,U007,2023-08-03,1
5956,M003,U003,2023-10-10,3
5957,M061,U015,2023-09-16,2
5958,M038,U008,2023-10-04,1
5959,M062,U009,2023-06-19,1
5960,M008,U004,2023-09-16,3
5961,M043,U019,2023-10-10,2
5962,M094,U014,2023-08-27,2
5963,M034,U007,2023-10-24,1
5964,M076,U011,2023-10-01,3
5965,M017,U016,2023-10-02,2
5966,M002,U020,2023-09-20,2
5967,M100,U001,2023-09-03,2
5968,M033,U011,2023-10-09,2
5969,M033,U018,2023-08-28,2
5970,M056,U001,2023-09-18,3
5971,M040,U003,2023-07-21,2
5972,M096,U018,2023-08-02,1
5973,M063,U020,2023-06-21,2
5974,M013,U015,2023-06-12,1
5975,M100,U010,2023-07-01,3
5976,M001,U005,2023-08-29,3
5977,M039,U016,2023-06-11,1
5978,M074,U014,2023-10-22,2
5979,M081,U003,2023-07-10,2
5980,M077,U020,2023-10-01,1
5981,M046,U009,2023-06-28,3
5982,M078,U006,2023-08-11,2
5983,M089,U008,2023-07-19,3
5984,M063,U004,2023-08-02,3
5985,M090,U004,2023-10-23,3
5986,M085,U010,2023-07-15,2
5987,M029,U007,2023-08-28,3
5988,M068,U002,2023-09-21,1
5989,M047,U014,2023-10-03,3
5990,M060,U005,2023-09-27,1
5991,M066,U009,2023-10-18,2
5992,M079,U010,2023-08-20,3
5993,M029,U011,2023-07-20,1
5994,M054,U013,2023-07-03,2
5995,M021,U007,2023-07-01,3
5996,M045,U019,2023-06-28,3
5997,M048,U009,2023-09-26,1
5998,M028,U005,2023-06-22,1
5999,M017,U011,2023-10-03,2
6000,M030,U018,2023-08-11,2
6001,M063,U016,2023-08-29,2
6002,M050,U008,2023-09-29,3
6003,M085,U005,2023-07-25,2
6004,M056,U009,2023-06-14,3
6005,M099,U010,2023-06-20,2
6006,M085,U018,2023-06-29,1
6007,M005,U005,2023-08-23,3
6008,M010,U002,2023-07-02,2
6009,M097,U014,2023-08-02,3
6010,M020,U020,2023-08-06,2
6011,M051,U011,2023-07-19,3
6012,M002,U001,2023-07-26,2
6013,M095,U010,2023-09-17,2
6014,M047,U001,2023-09-02,3
6015,M050,U003,2023-09-26,2
6016,M047,U012,2023-09-08,1
6017,M051,U020,2023-07-14,1
6018,M006,U016,2023-08-08,3
6019,M088,U007,2023-09-08,1
6020,M074,U016,2023-10-01,1
6021,M092,U009,2023-09-27,3
6022,M053,U008,2023-10-25,2
6023,M095,U020,2023-06-19,2
6024,M079,U010,2023-08-05,2
6025,M063,U013,2023-06-20,1
6026,M069,U012,2023-10-14,2
6027,M021,U017,2023-08-16,2
6028,M076,U019,2023-08-07,3
6029,M057,U020,2023-10-29,3
6030,M035,U003,2023-09-27,3
6031,M079,U009,2023-10-13,3
6032,M100,U016,2023-07-24,1
6033,M084,U020,2023-06-28,3
6034,M100,U002,2023-07-30,2
6035,M039,U017,2023-06-26,2
6036,M090,U014,2023-06-11,3
6037,M029,U004,2023-10-07,2
6038,M083,U007,2023-06-26,1
6039,M068,U010,2023-06-12,1
6040,M090,U018,2023-08-03,2
6041,M055,U015,2023-09-15,1
6042,M052,U018,2023-08-18,3
6043,M027,U008,2023-10-23,1
6044,M081,U010,2023-08-29,3
6045,M065,U009,2023-10-18,3
6046,M032,U010,2023-09-27,2
6047,M025,U003,2023-06-03,2
6048,M080,U006,2023-07-15,1
6049,M024,U016,2023-09-22,2
6050,M062,U001,2023-09-24,2
6051,M032,U008,2023-09-09,2
6052,M094,U007,2023-07-18,1
6053,M013,U008,2023-08-21,1
6054,M071,U008,2023-10-28,2
6055,M065,U011,2023-07-15,2
6056,M048,U008,2023-07-07,3
6057,M039,U015,2023-09-19,1
6058,M039,U015,2023-06-02,3
6059,M035,U005,2023-09-15,3
6060,M069,U009,2023-07-08,2
6061,M085,U011,2023-06-21,3
6062,M060,U012,2023-06-10,3
6063,M029,U001,2023-09-05,2
6064,M054,U006,2023-07-07,3
6065,M084,U012,2023-06-15,1
6066,M065,U012,2023-08-05,2
6067,M074,U014,2023-08-06,1
6068,M025,U006,2023-06-01,2
6069,M034,U018,2023-08-31,2
6070,M002,U016,2023-10-02,1
6071,M077,U004,2023-06-06,3
6072,M006,U019,2023-06-17,1
6073,M063,U017,2023-08-28,1
6074,M093,U019,2023-07-25,1
6075,M001,U007,2023-09-17,1
6076,M055,U019,2023-08-14,1
6077,M055,U008,2023-07-06,2
6078,M001,U016,2023-08-20,3
6079,M028,U004,2023-06-27,1
6080,M008,U009,2023-08-10,2
6081,M055,U001,2023-06-10,1
6082,M071,U011,2023-09-16,1
6083,M063,U001,2023-08-15,1
6084,M020,U017,2023-10-07,3
6085,M019,U009,2023-07-08,1
6086,M059,U004,2023-07-02,2
6087,M011,U008,2023-07-07,2
6088,M095,U015,2023-07-17,3
6089,M089,U016,2023-10-07,1
6090,M062,U002,2023-08-12,1
6091,M037,U017,2023-06-22,1
6092,M094,U007,2023-10-12,3
6093,M065,U016,2023-06-03,1
6094,M046,U002,2023-08-18,1
6095,M019,U002,2023-06-25,1
6096,M014,U017,2023-08-03,3
6097,M030,U009,2023-08-06,1
6098,M059,U005,2023-06-27,2
6099,M016,U016,2023-07-16,2
6100,M097,U019,2023-06-07,2
6101,M055,U005,2023-10-22,3
6102,M093,U016,2023-08-26,3
6103,M081,U018,2023-10-26,3
6104,M095,U008,2023-07-16,2
6105,M083,U019,2023-06-19,2
6106,M004,U010,2023-10-20,3
6107,M048,U010,2023-07-20,1
6108,M036,U011,2023-09-21,3
6109,M001,U004,2023-08-13,1
6110,M094,U004,2023-07-09,2
6111,M007,U001,2023-09-02,2
6112,M003,U003,2023-09-11,2
6113,M069,U013,2023-08-01,3
6114,M053,U008,2023-10-10,1
6115,M002,U019,2023-09-21,2
6116,M086,U001,2023-08-28,1
6117,M037,U013,2023-07-26,1
6118,M054,U006,2023-06-21,1
6119,M025,U020,2023-06-20,1
6120,M097,U004,2023-08-08,1
6121,M080,U012,2023-09-13,1
6122,M062,U011,2023-09-07,3
6123,M046,U008,2023-08-24,1
6124,M050,U019,2023-06-14,3
6125,M031,U017,2023-09-08,3
6126,M092,U005,2023-09-16,1
6127,M078,U002,2023-09-30,1
6128,M035,U012,2023-09-20,1
6129,M005,U009,2023-06-11,3
6130,M024,U001,2023-08-11,3
6131,M041,U019,2023-10-12,2
6132,M041,U014,2023-08-19,1
6133,M052,U011,2023-06-29,2
6134,M062,U006,2023-07-28,3
6135,M047,U015,2023-09-28,1
6136,M097,U004,2023-10-24,1
6137,M007,U011,2023-08-02,2
6138,M006,U006,2023-08-23,3
6139,M087,U016,2023-10-18,3
6140,M035,U002,2023-09-23,2
6141,M058,U001,2023-08-04,2
6142,M072,U019,2023-08-13,1
6143,M063,U009,2023-09-24,2
6144,M038,U014,2023-10-05,2
6145,M060,U018,2023-07-14,2
6146,M092,U012,2023-10-08,3
6147,M022,U005,2023-07-23,2
6148,M070,U018,2023-06-26,3
6149,M004,U019,2023-08-06,2
6150,M042,U012,2023-09-09,3
6151,M018,U017,2023-08-15,2
6152,M064,U010,2023-08-13,2
6153,M017,U008,2023-10-04,1
6154,M009,U016,2023-08-14,2
6155,M028,U017,2023-10-18,3
6156,M091,U009,2023-07-17,2
6157,M070,U008,2023-09-10,3
6158,M068,U015,2023-07-20,2
6159,M020,U010,2023-08-13,2
6160,M081,U005,2023-07-18,2
6161,M049,U011,2023-10-21,2
6162,M071,U018,2023-10-10,3
6163,M056,U011,2023-09-10,2
6164,M043,U012,2023-08-24,3
6165,M028,U009,2023-10-11,3
6166,M045,U011,2023-08-15,2
6167,M015,U013,2023-09-27,2
6168,M051,U011,2023-08-08,1
6169,M044,U012,2023-06-26,1
6170,M015,U012,2023-06-25,1
6171,M059,U010,2023-10-15,2
6172,M027,U008,2023-09-05,2
6173,M038,U010,2023-09-01,2
6174,M028,U011,2023-08-04,2
6175,M004,U019,2023-09-27,3
6176,M007,U006,2023-08-30,1
6177,M088,U017,2023-09-03,3
6178,M061,U020,2023-06-13,1
6179,M049,U019,2023-08-01,1
6180,M064,U012,2023-10-25,3
6181,M029,U020,2023-06-08,3
6182,M079,U004,2023-07-18,1
6183,M009,U012,2023-09-09,2
6184,M002,U016,2023-08-12,3
6185,M078,U009,2023-07-03,2
6186,M029,U001,2023-08-26,1
6187,M044,U006,2023-09-12,1
6188,M020,U002,2023-10-10,1
6189,M048,U006,2023-06-12,1
6190,M048,U009,2023-07-20,2
6191,M011,U007,2023-09-23,3
6192,M093,U017,2023-09-27,2
6193,M035,U001,2023-09-07,1
6194,M035,U008,2023-07-02,2
6195,M048,U013,2023-07-25,2
6196,M098,U004,2023-09-12,3
6197,M066,U009,2023-07-12,3
6198,M078,U013,2023-06-14,1
6199,M030,U014,2023-06-19,3
6200,M080,U010,2023-07-15,1
6201,M032,U011,2023-09-07,2
6202,M002,U003,2023-09-12,3
6203,M033,U007,2023-09-07,1
6204,M050,U013,2023-10-02,3
6205,M076,U006,2023-10-12,3
6206,M086,U006,2023-07-23,1
6207,M092,U006,2023-07-18,3
6208,M088,U005,2023-07-11,1
6209,M034,U004,2023-10-27,1
6210,M043,U019,2023-08-07,3
6211,M035,U002,2023-08-18,2
6212,M034,U012,2023-10-25,1
6213,M092,U016,2023-08-19,1
6214,M002,U009,2023-10-11,2
6215,M023,U018,2023-10-16,1
6216,M018,U020,2023-08-09,3
6217,M015,U016,2023-10-12,1
6218,M026,U011,2023-10-10,3
6219,M008,U020,2023-10-26,3
6220,M041,U016,2023-07-22,2
6221,M031,U009,2023-07-21,1
6222,M031,U002,2023-07-27,2
6223,M016,U019,2023-07-17,1
6224,M047,U017,2023-07-21,1
6225,M008,U012,2023-07-24,1
6226,M074,U008,2023-09-30,2
6227,M029,U012,2023-09-30,2
6228,M059,U018,2023-09-24,2
6229,M055,U010,2023-08-10,1
6230,M006,U005,2023-10-21,3
6231,M042,U004,2023-09-27,2
6232,M026,U015,2023-08-05,3
6233,M030,U001,2023-09-07,2
6234,M073,U017,2023-06-29,1
6235,M080,U006,2023-07-06,3
6236,M032,U003,2023-06-24,3
6237,M003,U015,2023-08-14,1
6238,M078,U003,2023-07-01,3
6239,M074,U010,2023-10-27,3
6240,M083,U004,2023-09-03,2
6241,M074,U012,2023-09-08,1
6242,M098,U010,2023-10-04,2
6243,M024,U004,2023-10-26,2
6244,M007,U003,2023-07-16,3
6245,M090,U014,2023-09-20,1
6246,M030,U009,2023-10-12,3
6247,M008,U010,2023-10-01,3
6248,M061,U005,2023-09-09,1
6249,M088,U011,2023-08-18,2
6250,M004,U017,2023-08-31,2
6251,M060,U005,2023-10-07,3
6252,M089,U005,2023-10-26,2
6253,M040,U008,2023-09-04,2
6254,M064,U016,2023-06-06,2
6255,M028,U017,2023-09-13,1
6256,M060,U007,2023-06-27,3
6257,M061,U012,2023-09-25,3
6258,M093,U018,2023-06-13,3
6259,M034,U008,2023-09-14,2
6260,M063,U002,2023-07-26,1
6261,M026,U007,2023-07-27,2
6262,M076,U001,2023-09-05,3
6263,M082,U007,2023-07-15,2
6264,M059,U005,2023-08-10,3
6265,M049,U015,2023-09-09,3
6266,M085,U018,2023-09-17,3
6267,M026,U014,2023-07-28,1
6268,M086,U001,2023-09-24,2
6269,M016,U002,2023-07-16,2
6270,M021,U003,2023-09-09,2
6271,M076,U018,2023-10-22,2
6272,M071,U005,2023-10-22,1
6273,M076,U007,2023-08-10,3
6274,M003,U010,2023-06-12,1
6275,M065,U013,2023-06-21,2
6276,M078,U017,2023-09-07,1
6277,M047,U014,2023-06-01,3
6278,M004,U008,2023-07-07,3
6279,M087,U013,2023-07-20,2
6280,M068,U019,2023-07-15,1
6281,M042,U018,2023-09-30,2
6282,M100,U002,2023-09-29,3
6283,M024,U013,2023-06-26,1
6284,M019,U005,2023-10-21,2
6285,M043,U011,2023-08-14,3
6286,M004,U020,2023-09-28,2
6287,M007,U017,2023-09-03,1
6288,M014,U001,2023-06-11,2
6289,M088,U014,2023-10-11,1
6290,M075,U015,2023-10-17,3
6291,M001,U010,2023-08-16,2
6292,M068,U001,2023-07-05,2
6293,M024,U016,2023-06-02,2
6294,M019,U012,2023-10-19,1
6295,M014,U010,2023-06-14,1
6296,M034,U019,2023-07-15,3
6297,M073,U009,2023-07-17,1
6298,M050,U001,2023-08-04,1
6299,M089,U009,2023-10-10,3
6300,M036,U018,2023-09-23,3
6301,M002,U009,2023-10-26,2
6302,M009,U019,2023-08-11,3
6303,M067,U005,2023-07-17,2
6304,M037,U010,2023-10-03,1
6305,M011,U004,2023-08-03,3
6306,M069,U014,2023-09-02,1
6307,M021,U016,2023-09-01,2
6308,M090,U001,2023-07-22,3
6309,M070,U011,2023-06-23,2
6310,M092,U002,2023-09-02,3
6311,M029,U016,2023-09-26,2
6312,M088,U018,2023-06-30,1
6313,M016,U014,2023-08-21,3
6314,M008,U007,2023-08-26,1
6315,M014,U019,2023-08-02,1
6316,M089,U017,2023-08-25,1
6317,M049,U012,2023-07-08,3
6318,M052,U002,2023-10-11,3
6319,M015,U017,2023-08-16,1
6320,M055,U010,2023-10-16,3
6321,M097,U019,2023-09-20,2
6322,M044,U002,2023-06-29,1
6323,M092,U001,2023-10-06,1
6324,M045,U009,2023-08-09,1
6325,M039,U004,2023-08-17,1
6326,M092,U003,2023-10-15,2
6327,M072,U020,2023-09-09,3
6328,M022,U005,2023-07-12,1
6329,M034,U017,2023-07-26,3
6330,M083,U003,2023-08-14,2
6331,M086,U002,2023-09-30,3
6332,M036,U001,2023-06-10,2
6333,M100,U015,2023-09-25,3
6334,M080,U009,2023-09-11,1
6335,M046,U005,2023-08-26,1
6336,M068,U011,2023-06-09,2
6337,M061,U006,2023-10-14,1
6338,M050,U008,2023-08-29,1
6339,M056,U010,2023-08-03,1
6340,M028,U019,2023-06-13,1
6341,M057,U003,2023-07-14,2
6342,M077,U004,2023-09-19,1
6343,M016,U015,2023-10-24,3
6344,M095,U002,2023-10-08,2
6345,M031,U020,2023-09-14,3
6346,M008,U005,2023-08-09,2
6347,M007,U014,2023-07-24,2
6348,M095,U017,2023-07-04,1
6349,M050,U010,2023-09-16,3
6350,M031,U005,2023-08-18,2
6351,M099,U010,2023-08-28,3
6352,M020,U004,2023-06-06,3
6353,M030,U013,2023-09-24,2
6354,M045,U008,2023-07-14,3
6355,M074,U019,2023-07-09,2
6356,M016,U018,2023-10-12,1
6357,M086,U009,2023-09-02,2
6358,M054,U019,2023-07-21,1
6359,M042,U004,2023-10-18,2
6360,M046,U003,2023-08-30,1
6361,M075,U015,2023-06-24,3
6362,M024,U020,2023-09-04,1
6363,M086,U017,2023-08-29,2
6364,M066,U003,2023-08-04,3
6365,M009,U019,2023-08-15,1
6366,M086,U012,2023-10-27,2
6367,M066,U017,2023-08-27,2
6368,M081,U004,2023-09-12,2
6369,M048,U007,2023-06-26,3
6370,M050,U008,2023-07-14,2
6371,M067,U018,2023-09-29,3
6372,M060,U016,2023-09-24,2
6373,M047,U015,2023-08-12,1
6374,M094,U013,2023-08-06,3
6375,M042,U020,2023-10-20,3
6376,M019,U008,2023-06-19,3
6377,M021,U007,2023-10-12,1
6378,M053,U007,2023-07-22,3
6379,M011,U005,2023-08-30,2
6380,M082,U014,2023-07-01,3
6381,M003,U017,2023-09-18,1
6382,M086,U020,2023-06-22,1
6383,M016,U019,2023-06-17,2
6384,M067,U018,2023-09-21,1
6385,M027,U011,2023-06-24,2
6386,M095,U003,2023-08-08,2
6387,M078,U017,2023-07-09,3
6388,M028,U019,2023-09-26,3
6389,M008,U010,2023-08-09,1
6390,M046,U008,2023-09-13,3
6391,M011,U008,2023-10-21,2
6392,M084,U013,2023-06-24,3
6393,M003,U007,2023-07-19,3
6394,M038,U011,2023-07-10,2
6395,M056,U012,2023-10-17,1
6396,M069,U008,2023-09-25,1
6397,M028,U016,2023-08-05,2
6398,M082,U009,2023-06-24,1
6399,M088,U016,2023-06-06,1
6400,M034,U018,2023-06-03,2
6401,M036,U013,2023-07-08,3
6402,M022,U001,2023-07-10,1
6403,M007,U008,2023-06-16,3
6404,M083,U011,2023-06-05,2
6405,M080,U007,2023-08-19,1
6406,M095,U004,2023-09-28,3
6407,M100,U006,2023-06-28,3
6408,M079,U007,2023-09-15,2
6409,M062,U006,2023-09-02,1
6410,M067,U014,2023-09-04,3
6411,M069,U014,2023-08-27,2
6412,M064,U017,2023-07-03,1
6413,M038,U009,2023-06-26,1
6414,M095,U009,2023-10-22,2
6415,M088,U006,2023-09-15,3
6416,M033,U005,2023-08-24,1
6417,M016,U018,2023-09-03,3
6418,M089,U013,2023-09-11,1
6419,M011,U017,2023-07-03,2
6420,M053,U020,2023-06-27,3
6421,M068,U014,2023-08-28,3
6422,M049,U016,2023-09-08,3
6423,M031,U006,2023-07-12,1
6424,M053,U010,2023-08-11,2
6425,M098,U017,2023-06-23,3
6426,M082,U013,2023-08-19,1
6427,M092,U019,2023-09-30,1
6428,M042,U004,2023-09-17,2
6429,M075,U019,2023-06-02,3
6430,M100,U010,2023-08-31,3
6431,M059,U015,2023-10-22,1
6432,M005,U017,2023-10-14,1
6433,M093,U011,2023-10-02,3
6434,M020,U008,2023-07-25,1
6435,M016,U005,2023-10-13,2
6436,M014,U013,2023-10-08,2
6437,M059,U007,2023-09-30,2
6438,M079,U020,2023-06-11,3
6439,M012,U006,2023-09-05,2
6440,M023,U002,2023-08-03,3
6441,M077,U007,2023-10-02,2
6442,M022,U017,2023-07-14,1
6443,M043,U016,2023-07-03,2
6444,M075,U020,2023-06-29,3
6445,M051,U001,2023-08-14,1
6446,M050,U004,2023-06-19,3
6447,M093,U015,2023-09-12,3
6448,M082,U018,2023-08-29,3
6449,M046,U004,2023-06-05,1
6450,M061,U006,2023-07-09,3
6451,M019,U018,2023-07-22,3
6452,M006,U015,2023-10-09,2
6453,M086,U006,2023-07-07,2
6454,M019,U016,2023-10-05,2
6455,M065,U019,2023-09-09,3
6456,M013,U001,2023-09-08,2
6457,M091,U018,2023-06-18,3
6458,M046,U005,2023-07-27,3
6459,M047,U014,2023-07-02,3
6460,M040,U003,2023-06-19,3
6461,M045,U016,2023-08-13,2
6462,M029,U001,2023-06-20,2
6463,M033,U011,2023-07-27,2
6464,M078,U007,2023-08-18,2
6465,M067,U005,2023-10-27,1
6466,M081,U014,2023-07-12,3
6467,M014,U015,2023-06-01,1
6468,M063,U018,2023-08-20,2
6469,M026,U007,2023-09-03,3
6470,M085,U004,2023-08-07,3
6471,M095,U015,2023-09-29,2
6472,M017,U002,2023-07-24,2
6473,M096,U018,2023-07-23,2
6474,M063,U009,2023-06-13,1
6475,M045,U013,2023-08-04,3
6476,M039,U010,2023-08-14,1
6477,M039,U017,2023-10-20,1
6478,M001,U018,2023-07-10,3
6479,M048,U001,2023-10-21,3
6480,M070,U020,2023-10-03,1
6481,M046,U009,2023-08-30,2
6482,M012,U004,2023-10-10,3
6483,M013,U015,2023-07-28,3
6484,M027,U006,2023-10-06,1
6485,M096,U008,2023-08-20,3
6486,M092,U006,2023-08-02,3
6487,M094,U014,2023-07-17,3
6488,M098,U019,2023-07-01,3
6489,M071,U009,2023-09-15,1
6490,M076,U008,2023-07-13,3
6491,M033,U011,2023-09-08,2
6492,M062,U009,2023-09-06,2
6493,M071,U018,2023-09-27,2
6494,M092,U012,2023-06-19,1
6495,M085,U016,2023-09-28,3
6496,M079,U012,2023-08-31,1
6497,M069,U020,2023-09-29,1
6498,M049,U016,2023-07-10,2
6499,M071,U012,2023-10-22,3
6500,M072,U014,2023-10-21,1
